Ticket Number,Load Date,Lease Number,Lease Name,Operator,Purchaser,Actual Destination,Destination Code,Barrels Net,Priority Source,Priority 1 Station,Mileage,Mileage Source,Notes
8125190,3/31/2026 11:04,KERN0001,"KERNS 1 - 22, 2-22, 3 - 22","RAYDON EXPLORATION, INC.","CP Energy, LLC",CP - PERRYTON 1,PERRYTON 1,185.76,CP,Cp - Hooker,,MISSING — needs history lookup,Non-priority destination
8124109,3/31/2026 11:02,BRYA0001,BRYANS CORNER EAST SWD #1 (OK),OVERFLOW ENERGY (SWD),"CP Energy, LLC",CP - PERRYTON 2,PERRYTON 2,178.04,CP,Piper,,MISSING — needs history lookup,Non-priority destination
8123405,3/31/2026 0:47,RUBY0005,RUBY,"DEVON GAS SERVICES, LP","CP Energy, LLC",SOUTHWEST RUBY STATION,SWRUBY SOUTHWEST RUBY STATION,196.74,CP,Trojan,71,Ticket,Non-priority destination
8122480,3/31/2026 8:37,SNEE0001,SNEED PLANT,HRR II ACQUISITIONCO LLC,"CP Energy, LLC",CP - CLAWSON 1,CLAWSON 1,189.32,SPLIT,Cp - Sunray-Mckee,,MISSING — needs history lookup,Non-priority destination
8119608,3/31/2026 7:54,DENCK327,"DENCKER, GUSTAVE 3-27",BCE-MACH LLC,"CP Energy, LLC",CP - CLAWSON 3,CLAWSON 3,182.49,VLO,Cp - Sunray-Mckee,,MISSING — needs history lookup,Non-priority destination
8124736,3/31/2026 18:56,BRAL0001,BRALLEY COMPRESSOR,XTO ENERGY INC,"CP Energy, LLC",CP - WASSON STATION,WASSON STATION,183.29,CP,Cp - Madill,38,Ticket,Non-priority destination
8124207,3/31/2026 10:53,LIBE0002,LIBERAL RBO,PHILLIPS 66,"CP Energy, LLC",CP - HOOKER,HOOKER,197.42,SPLIT,Perryton,41,Split Priority 2,Went to scheduled split destination (Priority 2)
8126187,3/31/2026 8:13,LIBE0002,LIBERAL RBO,PHILLIPS 66,"CP Energy, LLC",CP - HOOKER,HOOKER,198.2,SPLIT,Perryton,41,Split Priority 2,Went to scheduled split destination (Priority 2)
8125844,3/31/2026 10:29,WELLS013,WELLS 1-3,FOSSIL CREEK ENERGY CORPORATION,"CP Energy, LLC",CP - HOOKER,HOOKER,197.24,CP,Cp - Sunray-Mckee,51,Agreement,Non-priority destination
8124983,3/31/2026 7:16,JCH40001,JCH 4,"SEC PRODUCTION, INC.","CP Energy, LLC",CP - HOOKER,HOOKER,171.44,CP,Cp - Sunray-Mckee,,MISSING — needs history lookup,Non-priority destination
8124305,3/31/2026 11:55,WATTR123,WATKINS TRUST 1-23,CHOLLA PETROLEUM INC,"CP Energy, LLC",CP - WASSON STATION,WASSON STATION,0,CP,Cp - Madill,-128104,Ticket,Non-priority destination
8124908,3/31/2026 17:12,RICE0020,RICE NE UNIT,RESOURCE OIL AND GAS LLC,"CP Energy, LLC",CP - CLAWSON 3,CLAWSON 3,176.55,CP,Cp - Hooker,,MISSING — needs history lookup,Non-priority destination
8125092,3/31/2026 15:37,SCROG718,SCROGGINS 7/18 BO 1H,MEWBOURNE OIL COMPANY,"CP Energy, LLC",CP - PIPER 3,CP - PIPER 3,181.52,VLO,Arnett,68,Ticket,Non-priority destination
8124573,3/31/2026 10:48,MCGR0003,MCGREEVY,"MILAM, INC.","CP Energy, LLC",CP - CLAWSON 3,CLAWSON 3,62.56,VLO,Perryton,,MISSING — needs history lookup,Non-priority destination
8124808,3/31/2026 12:26,PETT0019,PETTIJOHN COMPRESSOR STATION,XTO ENERGY INC,"CP Energy, LLC",CP - WASSON STATION,WASSON STATION,184.51,CP,Cp - Madill,42,Ticket,Non-priority destination
8125200,3/31/2026 10:22,HILL001H,HILL #1H,CHARTER OAK PRODUCTION CO LLC,"CP Energy, LLC",DIXIE STATION,DIXIEST DIXIE STATION,170.14,CP,Cp - Madill,,MISSING — needs history lookup,Non-priority destination
8120886,3/31/2026 7:11,DON81118,DON 8-11-18 3H,DIVERSIFIED GAS & OIL CORPORATION,"CP Energy, LLC",TROJAN STATION,TROJSTAT TROJAN STATION,0,CP,Arnett,,MISSING — needs history lookup,Non-priority destination
8124893,3/31/2026 9:21,WAMP0112,WAMPLER 1-12,MOGO OPERATING LLC,"CP Energy, LLC",CP - WASSON STATION,WASSON STATION,188.08,CP,Cp - Velma,111,Ticket,Non-priority destination
8125512,3/31/2026 15:31,DUMA0001,DUMAS SWD,PAMPA WATER DISPOSAL,"CP Energy, LLC",CP - PIPER 4,CP - PIPER 4,187.64,CP,Cp - Sunray-Mckee,,MISSING — needs history lookup,Non-priority destination
8124721,3/31/2026 8:42,PAUB052H,PAUL BRILLHART 105-2H,HIGH RIVER REV OPERATING,"CP Energy, LLC",CP - PERRYTON 1,PERRYTON 1,140.33,VLO,Clawson,,MISSING — needs history lookup,Non-priority destination
8127104,3/31/2026 10:10,513379,HOGHLAND #2H,HIGH RIVER REV OPERATING,"CP Energy, LLC",CP - PERRYTON 4,PERRYTON 4,192.88,VLO,Clawson,,MISSING — needs history lookup,Non-priority destination
8124254,3/31/2026 14:41,GLJO0012,GLEN JONES 1-2,CHOLLA PETROLEUM INC,"CP Energy, LLC",CP - WASSON STATION,WASSON STATION,145.79,CP,Cp - Highway 177 Station,20,Ticket,Non-priority destination
8124255,3/31/2026 15:10,GLJO0012,GLEN JONES 1-2,CHOLLA PETROLEUM INC,"CP Energy, LLC",CP - WASSON STATION,WASSON STATION,36.52,CP,Cp - Highway 177 Station,20,Ticket,Non-priority destination
8128290,3/31/2026 13:28,HEMP0003,HEMPHILL PLANT (SUPERIOR),SUPERIOR PIPELINE,"CP Energy, LLC",CP - PERRYTON 1,PERRYTON 1,197.7,CP,Piper,,MISSING — needs history lookup,Non-priority destination
8124110,3/31/2026 12:53,PATR0001,PATRIOT #101,OVERFLOW ENERGY (SWD),"CP Energy, LLC",CP - SUNRAY-MCKEE,SUNRAY-MCKEE,181.82,CP,Perryton,,MISSING — needs history lookup,Non-priority destination
8122903,3/30/2026 9:40,MORR0059,MORRISON 183 #M002ND,MEWBOURNE OIL COMPANY,"CP Energy, LLC",CP - PERRYTON 1,PERRYTON 1,190.42,VLO,Merten,,MISSING — needs history lookup,Non-priority destination
8123088,3/31/2026 5:16,CART002H,CARTER 2H,BRACKEN OPERATING LLC,"CP Energy, LLC",CP - PERRYTON 4,PERRYTON 4,191.8,VLO,Clawson,,MISSING — needs history lookup,Non-priority destination
8126025,3/31/2026 12:42,BRAI0003,BRAINARD 27-1H,BE ANADARKO II LLC,"CP Energy, LLC",CP - PERRYTON 1,PERRYTON 1,43.37,VLO,Piper,,MISSING — needs history lookup,Non-priority destination
8125994,3/31/2026 11:33,3031,BRAINARD 25-4H,BE ANADARKO II LLC,"CP Energy, LLC",CP - PERRYTON 1,PERRYTON 1,148.11,VLO,Piper,,MISSING — needs history lookup,Non-priority destination
8121075,3/31/2026 12:43,HARL00A2,HARLEY A-2,O'NEAL OIL &  GAS CO,"CP Energy, LLC",CP - WASSON STATION,WASSON STATION,158.09,CP,Cp - Velma,28,Ticket,Non-priority destination
8122481,3/31/2026 11:42,SNEE0001,SNEED PLANT,HRR II ACQUISITIONCO LLC,"CP Energy, LLC",CP - CLAWSON 1,CLAWSON 1,189.51,SPLIT,Cp - Sunray-Mckee,,MISSING — needs history lookup,Non-priority destination
8125660,3/31/2026 10:04,FLIC1914,FLICK 19-14,DIVERSIFIED GAS & OIL CORPORATION,"CP Energy, LLC",TROJAN STATION,TROJSTAT TROJAN STATION,93.06,VLO,Arnett,,MISSING — needs history lookup,Non-priority destination
8121283,3/28/2026 14:17,TIPP0001,TIPPS SWD #1,OVERFLOW ENERGY (SWD),"CP Energy, LLC",CP - PIPER 4,CP - PIPER 4,189.06,CP,Merten,,MISSING — needs history lookup,Non-priority destination
8121292,3/30/2026 6:56,SNEE0001,SNEED PLANT,HRR II ACQUISITIONCO LLC,"CP Energy, LLC",CP - CLAWSON 3,CLAWSON 3,189.5,SPLIT,Cp - Sunray-Mckee,,MISSING — needs history lookup,Non-priority destination
8124338,3/30/2026 8:53,140744,MORRISON 38 #2H,MEWBOURNE OIL COMPANY,"CP Energy, LLC",CP - PERRYTON 2,PERRYTON 2,168.13,VLO,Merten,,MISSING — needs history lookup,Non-priority destination
8124322,3/30/2026 17:34,SMIT0128,SMITH AD #3,BCE-MACH II LLC,"CP Energy, LLC",CP - CLAWSON 3,CLAWSON 3,183.94,VLO,Cp - Hooker,,MISSING — needs history lookup,Non-priority destination
8126184,3/30/2026 7:38,LIBE0002,LIBERAL RBO,PHILLIPS 66,"CP Energy, LLC",CP - HOOKER,HOOKER,198.66,SPLIT,Perryton,41,Split Priority 2,Went to scheduled split destination (Priority 2)
8125032,3/30/2026 9:09,CLEAR291,CLEAR LAKE 29-1,LATIGO OIL AND GAS,"CP Energy, LLC",CP - PERRYTON 1,PERRYTON 1,191.14,VLO,Piper,,MISSING — needs history lookup,Non-priority destination
8124928,3/30/2026 15:11,PICK0002,PICKENS A-80 - 101H,HOMINY CONSULTING LLC,"CP Energy, LLC",CP - PERRYTON 2,PERRYTON 2,160.82,CP,Merten,,MISSING — needs history lookup,Non-priority destination
8122768,3/30/2026 1:31,RUBY0005,RUBY,"DEVON GAS SERVICES, LP","CP Energy, LLC",SOUTHWEST RUBY STATION,SWRUBY SOUTHWEST RUBY STATION,197.51,CP,Trojan,71,Ticket,Non-priority destination
8124251,3/30/2026 13:13,MOBL121H,MOBLEY 1-21H28X33,XTO ENERGY INC,"CP Energy, LLC",CP - MADILL,CP - MADILL,180.61,CP,Cp - Highway 177 Station,52,Ticket,Non-priority destination
8123322,3/30/2026 7:47,HERR0789,"HERRIOT 7,8,9-34H CTB",XTO ENERGY INC,"CP Energy, LLC",CP - WASSON STATION,WASSON STATION,185.95,CP,Cp - Highway 177 Station,36,Ticket,Non-priority destination
8123656,3/29/2026 15:24,MESA0008,MESA VISTA 2 - 4H,HOMINY CONSULTING LLC,"CP Energy, LLC",CP - PERRYTON 4,PERRYTON 4,187.38,CP,Merten,,MISSING — needs history lookup,Non-priority destination
8124184,3/30/2026 14:06,511329,BEARD-NEUFELD UNIT #103H,HIGH RIVER REV OPERATING,"CP Energy, LLC",CP - CLAWSON 2,CPCL0001 CP - CLAWSON 2,39.98,VLO,Perryton,,MISSING — needs history lookup,Non-priority destination
8127401,3/30/2026 12:05,HEMP0003,HEMPHILL PLANT (SUPERIOR),SUPERIOR PIPELINE,"CP Energy, LLC",CP - PERRYTON 1,PERRYTON 1,197.8,CP,Piper,,MISSING — needs history lookup,Non-priority destination
8121689,3/30/2026 13:42,HUTC0001,HUTCHCON,PANTERA ENERGY COMPANY,"CP Energy, LLC",CP - CLAWSON 3,CLAWSON 3,191.62,CP,Merten,,MISSING — needs history lookup,Non-priority destination
8122904,3/30/2026 9:41,MORR0003,MORRISON 178 #C002NC,MEWBOURNE OIL COMPANY,"CP Energy, LLC",CP - PERRYTON 4,PERRYTON 4,193.05,VLO,Merten,,MISSING — needs history lookup,Non-priority destination
8126701,3/30/2026 13:16,141134,"WILSON, POSEY #434HC",MEWBOURNE OIL COMPANY,"CP Energy, LLC",CP - PERRYTON 4,PERRYTON 4,71.2,VLO,Merten,,MISSING — needs history lookup,Non-priority destination
8122034,3/29/2026 8:32,509683,TRAMMELL #4H,"COURSON OIL & GAS, INC","CP Energy, LLC",CP - PERRYTON 4,PERRYTON 4,183.77,VLO,Merten,,MISSING — needs history lookup,Non-priority destination
8123316,3/29/2026 19:10,SHER0013,SHERMAN PLANT,"BRANCH ENERGY PARTNERS, LLC","CP Energy, LLC",CP - WASSON STATION,WASSON STATION,189.32,CP,Cp - Madill,85,Ticket,Non-priority destination
8122156,3/28/2026 11:39,MESVIS18,BOONE 18-1V,HOMINY CONSULTING LLC,"CP Energy, LLC",CP - PERRYTON 2,PERRYTON 2,99.79,CP,Merten,,MISSING — needs history lookup,Non-priority destination
8123089,3/28/2026 11:41,PICK0003,PICKENS A-80 - 102H,HOMINY CONSULTING LLC,"CP Energy, LLC",CP - PERRYTON 2,PERRYTON 2,88.33,CP,Merten,,MISSING — needs history lookup,Non-priority destination
8122438,3/29/2026 5:03,513192,ZOLLINGER 10 #1HCK,MEWBOURNE OIL COMPANY,"CP Energy, LLC",ARNETT STATION (NAVI),ARNESTAT ARNETT STATION (NAVI),0,VLO,Piper,,MISSING — needs history lookup,Non-priority destination
8120723,3/29/2026 10:33,140746,"STEWART A 1 #8, A 2 #8",WEINKAUF PETROLEUM INC,"CP Energy, LLC",CP - SUNRAY-MCKEE,SUNRAY-MCKEE,174.74,VLO,Clawson,78,Ticket,Non-priority destination
8122861,3/29/2026 13:10,BULL301H,BULLSEYE 20-14-30 1H,STAGHORN PETROLEUM LLC,"CP Energy, LLC",TROJAN STATION,TROJSTAT TROJAN STATION,189,CP,Ruby,,MISSING — needs history lookup,Non-priority destination
8122825,3/29/2026 14:44,DHCA0001,D & H CATTLE 3 - 1H,XTO ENERGY INC,"CP Energy, LLC",CP - WASSON STATION,WASSON STATION,179.67,CP,Cp - Highway 177 Station,26,Ticket,Non-priority destination
8121390,3/29/2026 9:57,WEBR0001,WEBB BROWN #1,CHARTER OAK PRODUCTION CO LLC,"CP Energy, LLC",DIXIE STATION,DIXIEST DIXIE STATION,174.7,CP,Cp - Madill,,MISSING — needs history lookup,Non-priority destination
8121710,3/29/2026 15:33,SLIN0001,SLINGING UNIT 1H,SILVER CREEK OIL & GAS LLC,"CP Energy, LLC",DIXIE STATION,DIXIEST DIXIE STATION,169.28,CP,Cp - Wasson Station,,MISSING — needs history lookup,Non-priority destination
8125138,3/29/2026 12:45,BARN0006,BARNES 7 - 1H,XTO ENERGY INC,"CP Energy, LLC",CP - WASSON STATION,WASSON STATION,190.08,CP,Cp - Highway 177 Station,42.6,Ticket,Non-priority destination
8124303,3/28/2026 9:41,PETT0019,PETTIJOHN COMPRESSOR STATION,XTO ENERGY INC,"CP Energy, LLC",CP - WASSON STATION,WASSON STATION,185.73,CP,Cp - Madill,43,Ticket,Non-priority destination
8125581,3/28/2026 17:26,GROOT32H,GROOT 3-2H,HIGH RIVER REV OPERATING,"CP Energy, LLC",CP - PERRYTON 4,PERRYTON 4,126.52,VLO,Clawson,,MISSING — needs history lookup,Non-priority destination
8123586,3/28/2026 14:03,513192,ZOLLINGER 10 #1HCK,MEWBOURNE OIL COMPANY,"CP Energy, LLC",ARNETT STATION (NAVI),ARNESTAT ARNETT STATION (NAVI),0,VLO,Piper,,MISSING — needs history lookup,Non-priority destination
8123523,3/28/2026 10:52,ZOLL0330,ZOLLINGER 3-30H,COASTAL PLAINS ENERGY INC,"CP Energy, LLC",ARNETT STATION LANE 5,ARNE0005 ARNETT STATION LANE 5,0,CP,Trojan,,MISSING — needs history lookup,Non-priority destination
8125001,3/28/2026 15:51,AHCH0001,"AH CHILTON 1,8,9,10,11,12",O'NEAL OIL &  GAS CO,"CP Energy, LLC",CP - WASSON STATION,WASSON STATION,176.82,CP,Cp - Velma,27.8,Ticket,Non-priority destination
8119065,3/28/2026 15:09,TWOM0224,TWOMBLY 2-24 (SMU),WEINKAUF PETROLEUM INC,"CP Energy, LLC",CP - CLAWSON 3,CLAWSON 3,182.14,CP,Cp - Sunray-Mckee,,MISSING — needs history lookup,Non-priority destination
8121445,3/28/2026 17:05,WILL0031,WILLIAMS 1 - 29H33,XTO ENERGY INC,"CP Energy, LLC",CP - HIGHWAY 177 STATION,CP - HIGHWAY 177 STATION,0,CP,Cp - Madill,10,Ticket,Non-priority destination
8124105,3/28/2026 11:55,BRIS0001,BRISCOE SWD #1,OVERFLOW ENERGY (SWD),"CP Energy, LLC",CP - PIPER 4,CP - PIPER 4,186.22,CP,Merten,,MISSING — needs history lookup,Non-priority destination
8124106,3/28/2026 14:21,83330001,8333 SWD #1,OVERFLOW ENERGY (SWD),"CP Energy, LLC",CP - PIPER 4,CP - PIPER 4,187.86,CP,Merten,,MISSING — needs history lookup,Non-priority destination
8122759,3/28/2026 14:51,COCR0124,COLUMBIA CREST #1-24,CHARTER OAK PRODUCTION CO LLC,"CP Energy, LLC",CP - WASSON STATION,WASSON STATION,180.68,CP,Lindsay Station,12,Ticket,Non-priority destination
8125233,3/28/2026 15:21,STON153H,STONE 15-3H,HIGH RIVER REV OPERATING,"CP Energy, LLC",CP - PERRYTON 1,PERRYTON 1,71.57,VLO,Clawson,,MISSING — needs history lookup,Non-priority destination
8122671,3/28/2026 13:37,HARL00A2,HARLEY A-2,O'NEAL OIL &  GAS CO,"CP Energy, LLC",CP - WASSON STATION,WASSON STATION,0,CP,Cp - Velma,,MISSING — needs history lookup,Non-priority destination
8122758,3/28/2026 12:18,HAGE0003,HAGERMAN,"BRANCH ENERGY PARTNERS, LLC","CP Energy, LLC",CP - WASSON STATION,WASSON STATION,190.75,CP,Cp - Madill,72,Ticket,Non-priority destination
8117720,3/28/2026 11:01,TWOM0224,TWOMBLY 2-24 (SMU),WEINKAUF PETROLEUM INC,"CP Energy, LLC",CP - CLAWSON 3,CLAWSON 3,180.79,CP,Cp - Sunray-Mckee,,MISSING — needs history lookup,Non-priority destination
8124302,3/27/2026 19:52,CHAN2858,"CHANDLER 2, 3, 4 & 5-8H",XTO ENERGY INC,"CP Energy, LLC",CP - WASSON STATION,WASSON STATION,185.54,CP,Cp - Highway 177 Station,35,Ticket,Non-priority destination
8124101,3/27/2026 10:29,PATR0001,PATRIOT #101,OVERFLOW ENERGY (SWD),"CP Energy, LLC",CP - SUNRAY-MCKEE,SUNRAY-MCKEE,183.1,CP,Perryton,,MISSING — needs history lookup,Non-priority destination
8126182,3/27/2026 8:29,LIBE0002,LIBERAL RBO,PHILLIPS 66,"CP Energy, LLC",CP - HOOKER,HOOKER,197.82,SPLIT,Perryton,41,Split Priority 2,Went to scheduled split destination (Priority 2)
8121180,3/27/2026 18:12,BHSWD001,B&H SWD,OVERFLOW ENERGY (SWD),"CP Energy, LLC",ARNETT STATION LANE 6,ARNE0006 ARNETT STATION LANE 6,189.03,CP,Merten,,MISSING — needs history lookup,Non-priority destination
8120880,3/26/2026 13:40,SNEE0001,SNEED PLANT,HRR II ACQUISITIONCO LLC,"CP Energy, LLC",CP - CLAWSON 3,CLAWSON 3,185.53,SPLIT,Cp - Sunray-Mckee,,MISSING — needs history lookup,Non-priority destination
8124533,3/27/2026 13:05,STUR0002,STURGIS PLANT,BADGER MIDSTREAM ENERGY SERVICES,"CP Energy, LLC",CP - HOOKER,HOOKER,200.74,CP,Clawson,73,Ticket,Non-priority destination
8121824,3/27/2026 12:22,LIBE0002,LIBERAL RBO,PHILLIPS 66,"CP Energy, LLC",CP - HOOKER,HOOKER,198.02,SPLIT,Perryton,41,Split Priority 2,Went to scheduled split destination (Priority 2)
8128922,3/26/2026 14:49,14050,WHEELER 369 #3H,LONE TREE OIL & GAS LLC,"CP Energy, LLC",CP - PIPER 3,CP - PIPER 3,49.28,VLO,Perryton,,MISSING — needs history lookup,Non-priority destination
8117469,3/26/2026 6:27,SCHNEL7364,SCHNELL 73-64,MEWBOURNE OIL COMPANY,"CP Energy, LLC",CP - PERRYTON 2,PERRYTON 2,184.07,VLO,Clawson,,MISSING — needs history lookup,Non-priority destination
8121817,3/27/2026 14:04,KATHLEEN17,KATHLEEN 1-7,MOGO OPERATING LLC,"CP Energy, LLC",GOLDSBY STATION,GOLDSBY GOLDSBY STATION,172.6,CP,Lindsay Station,15,Ticket,Non-priority destination
8121757,3/27/2026 13:05,SHEL0026,"SHELBY 1, 2, 3, 4 CTB",XTO ENERGY INC,"CP Energy, LLC",DIXIE STATION,DIXIEST DIXIE STATION,186.02,CP,Cp - Madill,41,Ticket,Non-priority destination
8119552,3/27/2026 5:30,LILA0007,LILA 2 - 18H17 / LILA 3 - 18H1,XTO ENERGY INC,"CP Energy, LLC",CP - WASSON STATION,WASSON STATION,189.33,CP,Cp - Highway 177 Station,34,Ticket,Non-priority destination
8122755,3/27/2026 11:49,LILA0007,LILA 2 - 18H17 / LILA 3 - 18H1,XTO ENERGY INC,"CP Energy, LLC",CP - WASSON STATION,WASSON STATION,190.25,CP,Cp - Highway 177 Station,35,Ticket,Non-priority destination
8121179,3/27/2026 14:58,DAYCOSWD,DAY COUNTY SWD (OK),OVERFLOW ENERGY (SWD),"CP Energy, LLC",ARNETT STATION LANE 5,ARNE0005 ARNETT STATION LANE 5,188.79,CP,Ruby,,MISSING — needs history lookup,Non-priority destination
8125961,3/27/2026 14:03,HEMP0003,HEMPHILL PLANT (SUPERIOR),SUPERIOR PIPELINE,"CP Energy, LLC",CP - PERRYTON 4,PERRYTON 4,199.25,CP,Piper,,MISSING — needs history lookup,Non-priority destination
8124102,3/27/2026 13:00,DUMA0001,DUMAS SWD,PAMPA WATER DISPOSAL,"CP Energy, LLC",CP - PIPER 3,CP - PIPER 3,194.13,CP,Cp - Sunray-Mckee,,MISSING — needs history lookup,Non-priority destination
8121219,3/27/2026 8:31,SNEE0001,SNEED PLANT,HRR II ACQUISITIONCO LLC,"CP Energy, LLC",CP - CLAWSON 3,CLAWSON 3,190.11,SPLIT,Cp - Sunray-Mckee,,MISSING — needs history lookup,Non-priority destination
8121299,3/25/2026 22:12,SHER0013,SHERMAN PLANT,"BRANCH ENERGY PARTNERS, LLC","CP Energy, LLC",CP - WASSON STATION,WASSON STATION,188.54,CP,Cp - Madill,85,Ticket,Non-priority destination
8120316,3/26/2026 6:55,SNEE0001,SNEED PLANT,HRR II ACQUISITIONCO LLC,"CP Energy, LLC",CP - CLAWSON 1,CLAWSON 1,188.49,SPLIT,Cp - Sunray-Mckee,,MISSING — needs history lookup,Non-priority destination
8120078,3/25/2026 15:33,YATE0006,YATES 1 - 24H,XANADU EXPLORATION COMPANY,"CP Energy, LLC",ARNETT LANES 1-4,ARNE0104 ARNETT LANES 1-4,189.8,CP,Bretch Station,,MISSING — needs history lookup,Non-priority destination
8118642,3/26/2026 8:16,140182,DOYLE 708 #5H,HIGHMARK  ENERGY OPERATING LLC,"CP Energy, LLC",ARNETT LANES 1-4,ARNE0104 ARNETT LANES 1-4,172.38,VLO,Piper,,MISSING — needs history lookup,Non-priority destination
8119546,3/24/2026 3:38,NAMO003H,NANNYMO #3H,"COURSON OIL & GAS, INC","CP Energy, LLC",CP - PERRYTON 4,PERRYTON 4,193.88,VLO,Merten,,MISSING — needs history lookup,Non-priority destination
8120240,3/24/2026 7:45,NANN0003,NANNYMO #2H,"COURSON OIL & GAS, INC","CP Energy, LLC",CP - PERRYTON 4,PERRYTON 4,194.04,VLO,Merten,,MISSING — needs history lookup,Non-priority destination
8119757,3/25/2026 10:00,SNEE0001,SNEED PLANT,HRR II ACQUISITIONCO LLC,"CP Energy, LLC",CP - CLAWSON 3,CLAWSON 3,189.34,SPLIT,Cp - Sunray-Mckee,,MISSING — needs history lookup,Non-priority destination
8117754,3/26/2026 4:44,PYLE4010H,PYLE 40-10H,PRESIDIO FINANCE LLC,"CP Energy, LLC",CP - CHILDRESS,CHILDRESS,170.18,CP,Merten,85,Ticket,Non-priority destination
8123730,3/26/2026 11:41,BAIL2183,BAILEYS 2183,MEWBOURNE OIL COMPANY,"CP Energy, LLC",CP - PIPER 4,CP - PIPER 4,191.66,VLO,Arnett,,MISSING — needs history lookup,Non-priority destination
8120989,3/26/2026 13:16,MARS0008,JOHN MARSHALL 6H,SILVER CREEK OIL & GAS LLC,"CP Energy, LLC",CP - MADILL,CP - MADILL,185.5,CP,Dixie,33,Ticket,Non-priority destination
8119396,3/26/2026 4:51,LILL0007,LILLY UNIT 3S,SILVER CREEK OIL & GAS LLC,"CP Energy, LLC",CP - MADILL,CP - MADILL,188.78,CP,Dixie,33,Ticket,Non-priority destination
8121677,3/26/2026 5:39,REED291H,REEDER 29-11-18 1H,DIVERSIFIED GAS & OIL CORPORATION,"CP Energy, LLC",TROJAN STATION,TROJSTAT TROJAN STATION,127.51,CP,Arnett,,MISSING — needs history lookup,Non-priority destination
8107984,3/26/2026 14:10,GRAY0005,GRAYCON,PANTERA ENERGY COMPANY,"CP Energy, LLC",CP - PIPER 4,CP - PIPER 4,132.43,CP,Merten,,MISSING — needs history lookup,Non-priority destination
8120831,3/26/2026 2:13,RUBY0005,RUBY,"DEVON GAS SERVICES, LP","CP Energy, LLC",SOUTHWEST RUBY STATION,SWRUBY SOUTHWEST RUBY STATION,196.13,CP,Trojan,70,Ticket,Non-priority destination
8106403,3/26/2026 14:10,GRAY0005,GRAYCON,PANTERA ENERGY COMPANY,"CP Energy, LLC",CP - PIPER 4,CP - PIPER 4,59.56,CP,Merten,,MISSING — needs history lookup,Non-priority destination
8122912,3/26/2026 10:28,MCGR0003,MCGREEVY,"MILAM, INC.","CP Energy, LLC",CP - CLAWSON 1,CLAWSON 1,0,VLO,Perryton,,MISSING — needs history lookup,Non-priority destination
8120516,3/26/2026 10:18,HUTC0001,HUTCHCON,PANTERA ENERGY COMPANY,"CP Energy, LLC",CP - CLAWSON 3,CLAWSON 3,191.92,CP,Merten,,MISSING — needs history lookup,Non-priority destination
8122604,3/24/2026 12:46,SNEE0001,SNEED PLANT,HRR II ACQUISITIONCO LLC,"CP Energy, LLC",CP - PERRYTON 1,PERRYTON 1,197.48,SPLIT,Cp - Sunray-Mckee,,MISSING — needs history lookup,Non-priority destination
8121848,3/24/2026 15:47,GREEN432,GREEN 4-32,DIVERSIFIED GAS & OIL CORPORATION,"CP Energy, LLC",TROJAN STATION,TROJSTAT TROJAN STATION,134.31,VLO,Arnett,96,Ticket,Non-priority destination
8119617,3/25/2026 6:55,SNEE0001,SNEED PLANT,HRR II ACQUISITIONCO LLC,"CP Energy, LLC",CP - CLAWSON 3,CLAWSON 3,189.5,SPLIT,Cp - Sunray-Mckee,,MISSING — needs history lookup,Non-priority destination
8119343,3/24/2026 12:09,SNEE0001,SNEED PLANT,HRR II ACQUISITIONCO LLC,"CP Energy, LLC",CP - CLAWSON 1,CLAWSON 1,188.49,SPLIT,Cp - Sunray-Mckee,,MISSING — needs history lookup,Non-priority destination
8121760,3/24/2026 17:06,RUBY0005,RUBY,"DEVON GAS SERVICES, LP","CP Energy, LLC",SOUTHWEST RUBY STATION,SWRUBY SOUTHWEST RUBY STATION,93.67,CP,Trojan,70,Ticket,Non-priority destination
8121683,3/24/2026 16:58,RUBY0005,RUBY,"DEVON GAS SERVICES, LP","CP Energy, LLC",SOUTHWEST RUBY STATION,SWRUBY SOUTHWEST RUBY STATION,97.74,CP,Trojan,70,Ticket,Non-priority destination
8122999,3/25/2026 6:29,DEBR201H,DEBRA 20-11-18 1H,DIVERSIFIED GAS & OIL CORPORATION,"CP Energy, LLC",ARNETT STATIONS LANES 1-4,ARNE0104 ARNETT STATIONS LANES 1-4,160.13,CP,Bretch Station,81,Ticket,Non-priority destination
8114691,3/25/2026 7:17,HAWK0126,HAWKINS HS 1-26,BCE-MACH LLC,"CP Energy, LLC",CP - HOOKER,HOOKER,170.93,VLO,Cp - Sunray-Mckee,,MISSING — needs history lookup,Non-priority destination
8126177,3/25/2026 10:45,LIBE0002,LIBERAL RBO,PHILLIPS 66,"CP Energy, LLC",CP - HOOKER,HOOKER,198.81,SPLIT,Perryton,41,Split Priority 2,Went to scheduled split destination (Priority 2)
8121792,3/25/2026 8:25,USA111H,USA #1-11H,PRESIDIO FINANCE LLC,"CP Energy, LLC",CP - MERTEN SOUTH,CP - MERTEN SOUTH,189.68,VLO,Arnett,77,Ticket,Non-priority destination
8121129,3/24/2026 17:44,TAYL0004,TAYLOR 1 - 26,"RAYDON EXPLORATION, INC.","CP Energy, LLC",CP - PERRYTON 4,PERRYTON 4,188.24,CP,Cp - Hooker,,MISSING — needs history lookup,Non-priority destination
8120767,3/25/2026 13:08,WILL0003,WILLARD 2-3,DUNCAN OIL PROPERTIES INC,"CP Energy, LLC",LINDSAY STATION,LINDSTAT LINDSAY STATION,75.6,CP,Bretch Station,69,Ticket,Non-priority destination
8124129,3/25/2026 17:03,JANZ0001,JANZEN #1,XTO ENERGY INC,"CP Energy, LLC",CP - HOOKER,HOOKER,133.7,VLO,Clawson,,MISSING — needs history lookup,Non-priority destination
8106077,3/25/2026 14:32,DUMA0001,DUMAS SWD,PAMPA WATER DISPOSAL,"CP Energy, LLC",CP - PIPER 4,CP - PIPER 4,190.34,CP,Cp - Sunray-Mckee,,MISSING — needs history lookup,Non-priority destination
8121177,3/25/2026 16:18,HARM0001,HARMON SWD #1 (OK),OVERFLOW ENERGY (SWD),"CP Energy, LLC",ARNETT LANES 1-4,ARNE0104 ARNETT LANES 1-4,187.58,CP,Trojan,,MISSING — needs history lookup,Non-priority destination
8106076,3/25/2026 12:02,281S0001,281,OVERFLOW ENERGY (SWD),"CP Energy, LLC",CP - SUNRAY-MCKEE,SUNRAY-MCKEE,184.31,CP,Perryton,,MISSING — needs history lookup,Non-priority destination
8117151,3/22/2026 8:08,LORR121H,LORRIE 12-14-25 1H,PRESIDIO FINANCE LLC,"CP Energy, LLC",CP - MERTEN NORTH,CP - MERTEN NORTH,177.74,VLO,Arnett,92,Ticket,Non-priority destination
8119549,3/24/2026 8:48,DIXI0003,DIXIE 1H,SILVER CREEK OIL & GAS LLC,"CP Energy, LLC",CP - MADILL,CP - MADILL,189.22,CP,Dixie,35,Ticket,Non-priority destination
8117917,3/23/2026 15:33,NSPU0002,NSPU 2H (N SADLER),SILVER CREEK OIL & GAS LLC,"CP Energy, LLC",CP - MADILL,CP - MADILL,163.93,CP,Dixie,,MISSING — needs history lookup,Non-priority destination
8119845,3/24/2026 14:24,LONG0003,LONG SWD #1,PAMPA WATER DISPOSAL,"CP Energy, LLC",CP - PIPER 4,CP - PIPER 4,190.51,CP,Merten,,MISSING — needs history lookup,Non-priority destination
8120537,3/24/2026 17:47,TIPP0001,TIPPS SWD #1,OVERFLOW ENERGY (SWD),"CP Energy, LLC",CP - PIPER 2,CP - PIPER 2,188.63,CP,Merten,,MISSING — needs history lookup,Non-priority destination
8119598,3/24/2026 16:01,LILL0001,LILLY UNIT 1H,SILVER CREEK OIL & GAS LLC,"CP Energy, LLC",CP - MADILL,CP - MADILL,183.5,CP,Dixie,,MISSING — needs history lookup,Non-priority destination
8121639,3/24/2026 10:16,3639,WILLIS D PRICE 620-4H,BE ANADARKO II LLC,"CP Energy, LLC",CP - PIPER 3,CP - PIPER 3,184.41,VLO,Arnett,,MISSING — needs history lookup,Non-priority destination
8123897,3/24/2026 13:43,WEND0001,WENDELL 31 - 6,REDLAND RESOURCES LLC,"CP Energy, LLC",CHEROKEE LACT 306,CHERO306 CHEROKEE LACT 306,172.3,CP,Trojan,104,Ticket,Non-priority destination
8120007,3/24/2026 8:09,SHAF361H,SHAFER 36-18-25 1H,PRESIDIO FINANCE LLC,"CP Energy, LLC",CP - MERTEN SOUTH,CP - MERTEN SOUTH,191.25,VLO,Arnett,91,Ticket,Non-priority destination
8118943,3/24/2026 12:43,GREE0028,GREENVILLE 2,COASTAL PLAINS ENERGY INC,"CP Energy, LLC",CP - MADILL,CP - MADILL,171.72,CP,Cp - Highway 177 Station,37,Ticket,Non-priority destination
8119597,3/24/2026 13:38,SWIN0002,SWINK UNIT 2H,SILVER CREEK OIL & GAS LLC,"CP Energy, LLC",CP - MADILL,CP - MADILL,176.1,CP,Dixie,,MISSING — needs history lookup,Non-priority destination
8120733,3/24/2026 1:32,RORA117H,ROSE RANCH 1-17H16X21X28,XTO ENERGY INC,"CP Energy, LLC",CP - HIGHWAY 177 STATION,CP - HIGHWAY 177 STATION,188,CP,Cp - Wasson Station,38,Ticket,Non-priority destination
8124667,3/24/2026 11:40,140012,WILSON 145 #2H,MEWBOURNE OIL COMPANY,"CP Energy, LLC",CP - PERRYTON 4,PERRYTON 4,76.24,VLO,Merten,,MISSING — needs history lookup,Non-priority destination
8122025,3/24/2026 12:10,STUR0002,STURGIS PLANT,BADGER MIDSTREAM ENERGY SERVICES,"CP Energy, LLC",CP - HOOKER,HOOKER,201.03,CP,Clawson,73,Ticket,Non-priority destination
8124617,3/24/2026 13:20,HEMP0003,HEMPHILL PLANT (SUPERIOR),SUPERIOR PIPELINE,"CP Energy, LLC",CP - PERRYTON 4,PERRYTON 4,200.03,CP,Piper,,MISSING — needs history lookup,Non-priority destination
8119844,3/24/2026 10:57,LEED0001,LEEDEY SOUTH SWD #1 (OK),OVERFLOW ENERGY (SWD),"CP Energy, LLC",ARNETT STATION LANE 7,ARNE0007 ARNETT STATION LANE 7,188.83,CP,Trojan,,MISSING — needs history lookup,Non-priority destination
8119960,3/23/2026 19:40,SHER0013,SHERMAN PLANT,"BRANCH ENERGY PARTNERS, LLC","CP Energy, LLC",CP - WASSON STATION,WASSON STATION,188.32,CP,Cp - Madill,85,Ticket,Non-priority destination
8117864,3/23/2026 7:41,LOTT0004,LOTT 3 - 16H (3016H),PRESIDIO FINANCE LLC,"CP Energy, LLC",CP - CHILDRESS,CHILDRESS,194.34,CP,Merten,98,Ticket,Non-priority destination
8120780,3/23/2026 14:03,SNEE0001,SNEED PLANT,HRR II ACQUISITIONCO LLC,"CP Energy, LLC",CP - CLAWSON 3,CLAWSON 3,197.73,SPLIT,Cp - Sunray-Mckee,,MISSING — needs history lookup,Non-priority destination
8117916,3/23/2026 13:02,DUTC0002,DUTCH UNIT 2H,SILVER CREEK OIL & GAS LLC,"CP Energy, LLC",CP - MADILL,CP - MADILL,182.55,CP,Dixie,,MISSING — needs history lookup,Non-priority destination
8122004,3/23/2026 13:41,STON153H,STONE 15-3H,HIGH RIVER REV OPERATING,"CP Energy, LLC",CP - PERRYTON 4,PERRYTON 4,189.34,VLO,Clawson,,MISSING — needs history lookup,Non-priority destination
8105240,3/22/2026 10:14,RIOR0001,RIO RICKS 201,B & G PRODUCTION INC,"CP Energy, LLC",CP - SUNRAY-MCKEE,SUNRAY-MCKEE,175.65,CP,Perryton,,MISSING — needs history lookup,Non-priority destination
8118172,3/22/2026 7:33,12999,"WHEAT, PEARL A 765 #1H",HIGHMARK  ENERGY OPERATING LLC,"CP Energy, LLC",CP - PERRYTON 4,PERRYTON 4,158.22,VLO,Piper,,MISSING — needs history lookup,Non-priority destination
8122647,3/21/2026 15:42,141134,"WILSON, POSEY #434HC",MEWBOURNE OIL COMPANY,"CP Energy, LLC",CP - PERRYTON 4,PERRYTON 4,120.04,VLO,Merten,,MISSING — needs history lookup,Non-priority destination
8105536,3/22/2026 14:32,DUMA0001,DUMAS SWD,PAMPA WATER DISPOSAL,"CP Energy, LLC",CP - PIPER 3,CP - PIPER 3,193.01,CP,Cp - Sunray-Mckee,,MISSING — needs history lookup,Non-priority destination
8118486,3/22/2026 12:39,LILL0002,LILLY UNIT 2H,SILVER CREEK OIL & GAS LLC,"CP Energy, LLC",CP - MADILL,CP - MADILL,177.14,CP,Dixie,32,Ticket,Non-priority destination
8118485,3/22/2026 9:29,JOMA0007,JOHN MARSHALL 7,SILVER CREEK OIL & GAS LLC,"CP Energy, LLC",CP - MADILL,CP - MADILL,189.11,CP,Dixie,33,Ticket,Non-priority destination
8118484,3/22/2026 6:46,COOK0006,COOK 3 - 6H31,XTO ENERGY INC,"CP Energy, LLC",CP - MADILL,CP - MADILL,190.05,CP,Cp - Highway 177 Station,28,Ticket,Non-priority destination
8122090,3/20/2026 15:22,14032,HUNTER 676 #3H,HIGHMARK  ENERGY OPERATING LLC,"CP Energy, LLC",CP - PERRYTON 4,PERRYTON 4,195.33,VLO,Piper,,MISSING — needs history lookup,Non-priority destination
8113931,3/21/2026 6:24,SPEAR001,SPEARMAN (ETC),SUNOCO - ETC,"CP Energy, LLC",CP - CLAWSON 2,CPCL0001 CP - CLAWSON 2,189.62,CP,Perryton,,MISSING — needs history lookup,Non-priority destination
8119503,3/21/2026 4:32,TWOM0224,TWOMBLY 2-24 (SMU),WEINKAUF PETROLEUM INC,"CP Energy, LLC",CP - CLAWSON 3,CLAWSON 3,187.44,CP,Cp - Sunray-Mckee,,MISSING — needs history lookup,Non-priority destination
8122646,3/21/2026 15:16,14952,"WILSON, POSEY 43 #1H",MEWBOURNE OIL COMPANY,"CP Energy, LLC",CP - PERRYTON 4,PERRYTON 4,72.64,VLO,Merten,,MISSING — needs history lookup,Non-priority destination
8117532,3/21/2026 10:35,PENU0016,PENUEL 1-6,BASELINE OPERATING LLC,"CP Energy, LLC",CP - WASSON STATION,WASSON STATION,146.09,CP,Lindsay Station,57,Ticket,Non-priority destination
8104952,3/21/2026 14:07,GRAY0005,GRAYCON,PANTERA ENERGY COMPANY,"CP Energy, LLC",CP - PIPER 3,CP - PIPER 3,155.8,CP,Merten,,MISSING — needs history lookup,Non-priority destination
8104951,3/21/2026 14:07,GRAY0005,GRAYCON,PANTERA ENERGY COMPANY,"CP Energy, LLC",CP - PIPER 3,CP - PIPER 3,35.4,CP,Merten,,MISSING — needs history lookup,Non-priority destination
8121380,3/21/2026 14:06,GROOT32H,GROOT 3-2H,HIGH RIVER REV OPERATING,"CP Energy, LLC",CP - PERRYTON 4,PERRYTON 4,164.03,VLO,Clawson,,MISSING — needs history lookup,Non-priority destination
8116516,3/19/2026 20:51,BRAL0001,BRALLEY COMPRESSOR,XTO ENERGY INC,"CP Energy, LLC",CP - WASSON STATION,WASSON STATION,185.82,CP,Cp - Madill,38,Ticket,Non-priority destination
8113785,3/20/2026 13:06,WELLS013,WELLS 1-3,FOSSIL CREEK ENERGY CORPORATION,"CP Energy, LLC",CP - CLAWSON 3,CLAWSON 3,179.96,CP,Cp - Sunray-Mckee,51,Agreement,Non-priority destination
8116561,3/20/2026 4:06,BLDE0001,BLUE DEER BATTERY,HRR II ACQUISITIONCO LLC,"CP Energy, LLC",CP - CHILDRESS,CHILDRESS,193.45,CP,Merten,127,Ticket,Non-priority destination
8118377,3/20/2026 8:41,RUBY0005,RUBY,"DEVON GAS SERVICES, LP","CP Energy, LLC",SOUTHWEST RUBY STATION,SWRUBY SOUTHWEST RUBY STATION,179.9,CP,Trojan,68,Ticket,Non-priority destination
8122089,3/20/2026 14:56,12570,"WHEAT, PEARL 765 #6H",HIGHMARK  ENERGY OPERATING LLC,"CP Energy, LLC",CP - PERRYTON 4,PERRYTON 4,0,VLO,Piper,,MISSING — needs history lookup,Non-priority destination
8121175,3/20/2026 12:14,5157,"WILSON, POSEY 43 #2H",MEWBOURNE OIL COMPANY,"CP Energy, LLC",CP - PERRYTON 4,PERRYTON 4,165.31,VLO,Merten,,MISSING — needs history lookup,Non-priority destination
8119166,3/19/2026 15:05,140227,BARBER 876 #3H,MEWBOURNE OIL COMPANY,"CP Energy, LLC",CP - PIPER 4,CP - PIPER 4,190.05,VLO,Merten,,MISSING — needs history lookup,Non-priority destination
8117460,3/19/2026 9:26,LIBE0002,LIBERAL RBO,PHILLIPS 66,"CP Energy, LLC",CP - HOOKER,HOOKER,198.31,SPLIT,Perryton,41,Split Priority 2,Went to scheduled split destination (Priority 2)
8117100,3/18/2026 14:19,HUTC0001,HUTCHCON,PANTERA ENERGY COMPANY,"CP Energy, LLC",CP - CLAWSON 2,CLAWSON 2,191.87,CP,Merten,,MISSING — needs history lookup,Non-priority destination
8117510,3/19/2026 6:57,SNEE0001,SNEED PLANT,HRR II ACQUISITIONCO LLC,"CP Energy, LLC",CP - CLAWSON 3,CLAWSON 3,189.91,SPLIT,Cp - Sunray-Mckee,,MISSING — needs history lookup,Non-priority destination
8117956,3/19/2026 7:40,MURP0003,"MURPHY, W J",FELDERHOFF PRODUCTION COMPANY (1),"CP Energy, LLC",CP - MADILL,CP - MADILL,165.9,CP,Dixie,42,Ticket,Non-priority destination
8113659,3/19/2026 6:52,SPEAR001,SPEARMAN (ETC),SUNOCO - ETC,"CP Energy, LLC",CP - CLAWSON 2,CLAWSON 2,190.15,CP,Perryton,,MISSING — needs history lookup,Non-priority destination
8117467,3/19/2026 7:18,LIBE0002,LIBERAL RBO,PHILLIPS 66,"CP Energy, LLC",CP - HOOKER,HOOKER,198.79,SPLIT,Perryton,41,Split Priority 2,Went to scheduled split destination (Priority 2)
8121365,3/19/2026 15:15,140297,CLO 1-24H,"ENCINO OPERATING, LLC","CP Energy, LLC",CP - PERRYTON 4,PERRYTON 4,193.76,CP,Cp - Hooker,,MISSING — needs history lookup,Non-priority destination
8121364,3/19/2026 11:39,HEMP0003,HEMPHILL PLANT (SUPERIOR),SUPERIOR PIPELINE,"CP Energy, LLC",CP - PERRYTON 4,PERRYTON 4,199.24,CP,Piper,,MISSING — needs history lookup,Non-priority destination
8117137,3/19/2026 11:31,EDWA0012,EDWARDS 1-2,DUNCAN OIL PROPERTIES INC,"CP Energy, LLC",GSPM HENNESSEY STATION LANE 3,HENNSTA3 GSPM HENNESSEY STATION LANE 3,138.72,CP,Ruby,102,Ticket,Non-priority destination
8104303,3/19/2026 15:24,DUMA0001,DUMAS SWD,PAMPA WATER DISPOSAL,"CP Energy, LLC",CP - PIPER 4,CP - PIPER 4,191.72,CP,Cp - Sunray-Mckee,,MISSING — needs history lookup,Non-priority destination
8118327,3/19/2026 13:04,GRAH0001,J H GRAHAM,FELDERHOFF PRODUCTION COMPANY (1),"CP Energy, LLC",DIXIE STATION,DIXIEST DIXIE STATION,189.97,CP,Cp - Wasson Station,16,Ticket,Non-priority destination
8119895,3/19/2026 6:53,GOOD0012,GOODNER 1 #20,FOUNDATION ENERGY MANAGEMENT,"CP Energy, LLC",CP - PIPER 3,CP - PIPER 3,50.35,VLO,Perryton,,MISSING — needs history lookup,Non-priority destination
8113055,3/19/2026 8:30,SIMS0001,SIMS STORAGE,PHILLIPS 66,"CP Energy, LLC",CP - CLAWSON 3,CLAWSON 3,197.84,CP,Perryton,,MISSING — needs history lookup,Non-priority destination
8118713,3/19/2026 14:00,MCBR0007,MCBRIDE,HRR II ACQUISITIONCO LLC,"CP Energy, LLC",CP - CLAWSON 3,CLAWSON 3,174.21,CP,Merten,,MISSING — needs history lookup,Non-priority destination
8104013,3/19/2026 10:23,BOMM0001,BOMMER 1,B & G PRODUCTION INC,"CP Energy, LLC",CP - SUNRAY-MCKEE,SUNRAY-MCKEE,184.89,CP,Perryton,,MISSING — needs history lookup,Non-priority destination
8117551,3/18/2026 19:26,SHER0013,SHERMAN PLANT,"BRANCH ENERGY PARTNERS, LLC","CP Energy, LLC",CP - WASSON STATION,WASSON STATION,190.12,CP,Cp - Madill,85,Ticket,Non-priority destination
8113028,3/18/2026 11:11,TWOM0224,TWOMBLY 2-24 (SMU),WEINKAUF PETROLEUM INC,"CP Energy, LLC",CP - CLAWSON 3,CLAWSON 3,183.43,CP,Cp - Sunray-Mckee,,MISSING — needs history lookup,Non-priority destination
8112481,3/18/2026 7:42,HAMP0004,HAMPTON #4,"SEC PRODUCTION, INC.","CP Energy, LLC",CP - CLAWSON 2,CLAWSON 2,160.68,CP,Cp - Sunray-Mckee,,MISSING — needs history lookup,Non-priority destination
8111760,3/18/2026 9:16,CLEAR291,CLEAR LAKE 29-1,LATIGO OIL AND GAS,"CP Energy, LLC",CP - PERRYTON 4,PERRYTON 4,182.2,VLO,Piper,,MISSING — needs history lookup,Non-priority destination
8112525,3/18/2026 5:31,RORA117H,ROSE RANCH 1-17H16X21X28,XTO ENERGY INC,"CP Energy, LLC",CP - MADILL,CP - MADILL,176.04,CP,Cp - Wasson Station,47,Ticket,Non-priority destination
8116623,3/17/2026 13:37,SNEE0001,SNEED PLANT,HRR II ACQUISITIONCO LLC,"CP Energy, LLC",CP - CLAWSON 3,CLAWSON 3,188.93,SPLIT,Cp - Sunray-Mckee,,MISSING — needs history lookup,Non-priority destination
8121557,3/18/2026 16:40,RORA117H,ROSE RANCH 1-17H16X21X28,XTO ENERGY INC,"CP Energy, LLC",CP - HIGHWAY 177 STATION,CP - HIGHWAY 177 STATION,187.5,CP,Cp - Wasson Station,38,Ticket,Non-priority destination
8102426,3/18/2026 16:27,LONG0003,LONG SWD #1,PAMPA WATER DISPOSAL,"CP Energy, LLC",CP - PIPER 4,CP - PIPER 4,193.11,CP,Merten,,MISSING — needs history lookup,Non-priority destination
8116921,3/18/2026 12:17,CORS0111,CORSAIR 1-11,COMMAND ENERGY LLC,"CP Energy, LLC",CP - HIGHWAY 177 STATION,CP - HIGHWAY 177 STATION,174.38,CP,Cp - Wasson Station,49,Ticket,Non-priority destination
8120675,3/17/2026 8:34,MIDC0001,MID CON MEDICINE LODGE,MID CON GAS CORP (PETROLEUM GAS,"CP Energy, LLC",CHEROKEE LACT 306,CHERO306 CHEROKEE LACT 306,199.15,SPLIT,Ruby,58,Split Priority 2,Went to scheduled split destination (Priority 2)
8116907,3/18/2026 11:00,LIBE0002,LIBERAL RBO,PHILLIPS 66,"CP Energy, LLC",CP - HOOKER,HOOKER,199.11,SPLIT,Perryton,41,Split Priority 2,Went to scheduled split destination (Priority 2)
8115497,3/17/2026 11:11,509684,TRAMMELL #5H,"COURSON OIL & GAS, INC","CP Energy, LLC",CP - PERRYTON 4,PERRYTON 4,181.19,VLO,Merten,,MISSING — needs history lookup,Non-priority destination
8116419,3/16/2026 22:59,RUBY0005,RUBY,"DEVON GAS SERVICES, LP","CP Energy, LLC",SOUTHWEST RUBY STATION,SWRUBY SOUTHWEST RUBY STATION,200.59,CP,Trojan,71,Ticket,Non-priority destination
8118513,3/17/2026 9:48,DA7F0263,DAVIS 7 FARMS 26-3,DIVERSIFIED GAS & OIL CORPORATION,"CP Energy, LLC",ARNETT STATION (NAVI) LANE 14,ARNE0014 ARNETT STATION (NAVI) LANE 14,92.51,VLO,Trojan,57,Ticket,Non-priority destination
8115914,3/16/2026 19:11,ANHA0001,A N HARLEY (CARTER),O'NEAL OIL &  GAS CO,"CP Energy, LLC",CP - VELMA,VELMA,164.54,CP,Cp - Wasson Station,13,Ticket,Non-priority destination
8116265,3/17/2026 6:53,SNEE0001,SNEED PLANT,HRR II ACQUISITIONCO LLC,"CP Energy, LLC",CP - CLAWSON 3,CLAWSON 3,191.47,SPLIT,Cp - Sunray-Mckee,,MISSING — needs history lookup,Non-priority destination
8118614,3/16/2026 11:30,PARK0013,PARKER 618-6H,BE ANADARKO II LLC,"CP Energy, LLC",CP - PIPER 4,CP - PIPER 4,172.34,VLO,Arnett,,MISSING — needs history lookup,Non-priority destination
8101999,3/17/2026 16:52,DUMA0001,DUMAS SWD,PAMPA WATER DISPOSAL,"CP Energy, LLC",CP - PIPER 4,CP - PIPER 4,194.22,CP,Cp - Sunray-Mckee,,MISSING — needs history lookup,Non-priority destination
8117850,3/17/2026 9:50,HARM0005,HARMON 1,MEWBOURNE OIL COMPANY,"CP Energy, LLC",ARNETT LANES 1-4,ARNE0104 ARNETT LANES 1-4,49.78,VLO,Trojan,,MISSING — needs history lookup,Non-priority destination
8115273,3/17/2026 15:21,MERR129H,MERRITT #1-29H,PRESIDIO FINANCE LLC,"CP Energy, LLC",CP - MERTEN SOUTH,CP - MERTEN SOUTH,194.4,VLO,Arnett,81.9,Ticket,Non-priority destination
8114010,3/17/2026 13:19,KATHLEEN17,KATHLEEN 1-7,MOGO OPERATING LLC,"CP Energy, LLC",GOLDSBY STATION,GOLDSBY GOLDSBY STATION,178.61,CP,Lindsay Station,15,Ticket,Non-priority destination
8120676,3/17/2026 13:28,MIDC0001,MID CON MEDICINE LODGE,MID CON GAS CORP (PETROLEUM GAS,"CP Energy, LLC",CHEROKEE LACT 306,CHERO306 CHEROKEE LACT 306,198.37,SPLIT,Ruby,58,Split Priority 2,Went to scheduled split destination (Priority 2)
8113592,3/17/2026 14:48,PETT0019,PETTIJOHN COMPRESSOR STATION,XTO ENERGY INC,"CP Energy, LLC",CP - WASSON STATION,WASSON STATION,187.71,CP,Cp - Madill,42,Ticket,Non-priority destination
8115258,3/17/2026 12:59,BLDE0001,BLUE DEER BATTERY,HRR II ACQUISITIONCO LLC,"CP Energy, LLC",CP - PERRYTON 4,PERRYTON 4,196.98,CP,Merten,,MISSING — needs history lookup,Non-priority destination
8101587,3/17/2026 13:33,SCUR0001,S CURVE WEST SWD #1,OVERFLOW ENERGY (SWD),"CP Energy, LLC",CP - SUNRAY-MCKEE,SUNRAY-MCKEE,185.31,CP,Cp - Hooker,,MISSING — needs history lookup,Non-priority destination
8117994,3/17/2026 11:37,SNEE0001,SNEED PLANT,HRR II ACQUISITIONCO LLC,"CP Energy, LLC",CP - CLAWSON 3,CLAWSON 3,199.56,SPLIT,Cp - Sunray-Mckee,,MISSING — needs history lookup,Non-priority destination
8101586,3/17/2026 11:00,THOM0007,THOMAS NOBLE UNIT (1 & 2),B & G PRODUCTION INC,"CP Energy, LLC",CP - PERRYTON 3,CP - PERRYTON 3,133.36,CP,Cp - Hooker,,MISSING — needs history lookup,Non-priority destination
8114420,3/16/2026 7:57,LUCAS124HB,LUCAS 1-24HB,PRESIDIO FINANCE LLC,"CP Energy, LLC",CP - MERTEN SOUTH,CP - MERTEN SOUTH,183.41,VLO,Arnett,,MISSING — needs history lookup,Non-priority destination
8115481,3/16/2026 7:06,SNEE0001,SNEED PLANT,HRR II ACQUISITIONCO LLC,"CP Energy, LLC",CP - CLAWSON 2,CLAWSON 2,191.92,SPLIT,Cp - Sunray-Mckee,,MISSING — needs history lookup,Non-priority destination
8118773,3/16/2026 8:13,14713,FARNSWORTH UNIT,TABULA RASA ENERGY LLC,"CP Energy, LLC",CP - PERRYTON 2,PERRYTON 2,182.51,VLO,Clawson,,MISSING — needs history lookup,Non-priority destination
8113735,3/16/2026 8:28,WAFA0132,WALKER FARMS 1-32,"ENCINO OPERATING, LLC","CP Energy, LLC",ARNETT STATION LANE 7,ARNE0007 ARNETT STATION LANE 7,182.67,CP,Trojan,,MISSING — needs history lookup,Non-priority destination
8118776,3/16/2026 16:21,FARN0003,FARNSWORTH (P66),PHILLIPS 66,"CP Energy, LLC",CP - CLAWSON 3,CLAWSON 3,164.84,CP,Perryton,,MISSING — needs history lookup,Non-priority destination
8115870,3/16/2026 14:59,SNEE0001,SNEED PLANT,HRR II ACQUISITIONCO LLC,"CP Energy, LLC",CP - CLAWSON 3,CLAWSON 3,191.05,SPLIT,Cp - Sunray-Mckee,,MISSING — needs history lookup,Non-priority destination
8119816,3/16/2026 13:00,HEMP0003,HEMPHILL PLANT (SUPERIOR),SUPERIOR PIPELINE,"CP Energy, LLC",CP - PERRYTON 4,PERRYTON 4,201.25,CP,Piper,,MISSING — needs history lookup,Non-priority destination
8117204,3/16/2026 13:00,STUR0002,STURGIS PLANT,BADGER MIDSTREAM ENERGY SERVICES,"CP Energy, LLC",CP - HOOKER,HOOKER,202.73,CP,Clawson,73,Ticket,Non-priority destination
8118063,3/15/2026 9:13,3596,WATERS RANCH 287-5H,BE ANADARKO II LLC,"CP Energy, LLC",CP - PIPER 4,CP - PIPER 4,172.98,VLO,Arnett,,MISSING — needs history lookup,Non-priority destination
8121551,3/15/2026 8:32,CHAN2858,"CHANDLER 2, 3, 4 & 5-8H",XTO ENERGY INC,"CP Energy, LLC",CP - MADILL,CP - MADILL,188.92,CP,Cp - Highway 177 Station,14,Ticket,Non-priority destination
8115386,3/14/2026 22:32,RUBY0005,RUBY,"DEVON GAS SERVICES, LP","CP Energy, LLC",SOUTHWEST RUBY STATION,SWRUBY SOUTHWEST RUBY STATION,157.09,CP,Trojan,71,Ticket,Non-priority destination
8115473,3/14/2026 22:33,RUBY0005,RUBY,"DEVON GAS SERVICES, LP","CP Energy, LLC",SOUTHWEST RUBY STATION,SWRUBY SOUTHWEST RUBY STATION,35.35,CP,Trojan,71,Ticket,Non-priority destination
8115127,3/15/2026 6:10,PATRK117,PATRICK 1-17,DIVERSIFIED GAS & OIL CORPORATION,"CP Energy, LLC",TROJAN STATION,TROJSTAT TROJAN STATION,131.58,VLO,Arnett,,MISSING — needs history lookup,Non-priority destination
8114949,3/15/2026 13:11,LILA0007,LILA 2 - 18H17 / LILA 3 - 18H1,XTO ENERGY INC,"CP Energy, LLC",CP - WASSON STATION,WASSON STATION,184.7,CP,Cp - Highway 177 Station,30,Ticket,Non-priority destination
8115504,3/15/2026 11:01,7204,NORTH PERRYTON UNIT,TABULA RASA ENERGY LLC,"CP Energy, LLC",CP - PERRYTON 1,PERRYTON 1,187.43,VLO,Clawson,,MISSING — needs history lookup,Non-priority destination
8115819,3/15/2026 14:05,BOON0011,BOONE PICKENS 101H (AKA A 85 -,HOMINY CONSULTING LLC,"CP Energy, LLC",CP - PERRYTON 4,PERRYTON 4,185.92,CP,Merten,,MISSING — needs history lookup,Non-priority destination
8117735,3/15/2026 14:20,513607,WITT #104H,HIGH RIVER REV OPERATING,"CP Energy, LLC",CP - PERRYTON 4,PERRYTON 4,189.79,VLO,Clawson,,MISSING — needs history lookup,Non-priority destination
8111249,3/15/2026 12:46,6271,CAMRICK UNIT,PERDURE PETROLEUM LLC,"CP Energy, LLC",CP - PERRYTON 4,PERRYTON 4,183.7,VLO,Clawson,,MISSING — needs history lookup,Non-priority destination
8116562,3/14/2026 12:48,182383,LYNDA 2 #1HCK,MEWBOURNE OIL COMPANY,"CP Energy, LLC",ARNETT STATION (NAVI),ARNESTAT ARNETT STATION (NAVI),0,VLO,Trojan,,MISSING — needs history lookup,Non-priority destination
8116524,3/14/2026 19:02,HAGE0003,HAGERMAN,"BRANCH ENERGY PARTNERS, LLC","CP Energy, LLC",CP - WASSON STATION,WASSON STATION,188.66,CP,Cp - Madill,79,Ticket,Non-priority destination
8115837,3/14/2026 14:18,RUBY0005,RUBY,"DEVON GAS SERVICES, LP","CP Energy, LLC",SOUTHWEST RUBY STATION,SWRUBY SOUTHWEST RUBY STATION,195.51,CP,Trojan,70,Ticket,Non-priority destination
8111704,3/14/2026 5:21,SPEAR001,SPEARMAN (ETC),SUNOCO - ETC,"CP Energy, LLC",CP - CLAWSON 2,CLAWSON 2,190.4,CP,Perryton,,MISSING — needs history lookup,Non-priority destination
8116508,3/14/2026 5:01,140745,MELISSA 1 #7,WEINKAUF PETROLEUM INC,"CP Energy, LLC",CP - SUNRAY-MCKEE,SUNRAY-MCKEE,166.6,VLO,Clawson,,MISSING — needs history lookup,Non-priority destination
8115320,3/13/2026 14:24,STAR010H,STARK 10H,OVINTIV MARKETING INC,"CP Energy, LLC",SOUTHWEST RUBY STATION,SWRUBY SOUTHWEST RUBY STATION,160.23,CP,Gspm Hennessey Station - Lane 3,62,Ticket,Non-priority destination
8116520,3/14/2026 16:36,EVAM0001,EVA MAE 1 - 35H,XTO ENERGY INC,"CP Energy, LLC",CP - WASSON STATION,WASSON STATION,180.61,CP,Cp - Highway 177 Station,27.7,Ticket,Non-priority destination
8114189,3/14/2026 13:04,LILA0007,LILA 2 - 18H17 / LILA 3 - 18H1,XTO ENERGY INC,"CP Energy, LLC",CP - WASSON STATION,WASSON STATION,185.27,CP,Cp - Highway 177 Station,30,Ticket,Non-priority destination
8115405,3/14/2026 14:47,SNEE0001,SNEED PLANT,HRR II ACQUISITIONCO LLC,"CP Energy, LLC",CP - CLAWSON 3,CLAWSON 3,188.44,SPLIT,Cp - Sunray-Mckee,,MISSING — needs history lookup,Non-priority destination
8117087,3/14/2026 12:43,JONE1626,"JONES 1-6, 2-6 CTB***",BASELINE OPERATING LLC,"CP Energy, LLC",CP - WASSON STATION,WASSON STATION,169.97,CP,Lindsay Station,62,Ticket,Non-priority destination
8118141,3/14/2026 14:30,DENCK327,"DENCKER, GUSTAVE 3-27",BCE-MACH LLC,"CP Energy, LLC",CP - HOOKER,HOOKER,195.57,VLO,Cp - Sunray-Mckee,,MISSING — needs history lookup,Non-priority destination
8113045,3/12/2026 14:56,SNEE0001,SNEED PLANT,HRR II ACQUISITIONCO LLC,"CP Energy, LLC",CP - CLAWSON 3,CLAWSON 3,189.04,SPLIT,Cp - Sunray-Mckee,,MISSING — needs history lookup,Non-priority destination
8114825,3/14/2026 8:30,SNEE0001,SNEED PLANT,HRR II ACQUISITIONCO LLC,"CP Energy, LLC",CP - CLAWSON 3,CLAWSON 3,189.51,SPLIT,Cp - Sunray-Mckee,,MISSING — needs history lookup,Non-priority destination
8112084,3/13/2026 7:55,HARL0A37,HARLEY A-37,O'NEAL OIL &  GAS CO,"CP Energy, LLC",CP - VELMA,VELMA,173.15,CP,Cp - Wasson Station,28,Ticket,Non-priority destination
8115465,3/13/2026 3:27,MORR0006,MORRISON #C004PA,MEWBOURNE OIL COMPANY,"CP Energy, LLC",CP - PERRYTON 4,PERRYTON 4,194.27,VLO,Merten,,MISSING — needs history lookup,Non-priority destination
8112231,3/12/2026 13:23,RILE61HC,RILEY 6-1HCG,PRESIDIO FINANCE LLC,"CP Energy, LLC",TROJAN STATION,TROJSTAT TROJAN STATION,174.21,VLO,Arnett,,MISSING — needs history lookup,Non-priority destination
8116108,3/13/2026 17:43,GROOT32H,GROOT 3-2H,HIGH RIVER REV OPERATING,"CP Energy, LLC",CP - PERRYTON 4,PERRYTON 4,170.34,VLO,Clawson,,MISSING — needs history lookup,Non-priority destination
8113676,3/13/2026 10:39,SHAF361H,SHAFER 36-18-25 1H,PRESIDIO FINANCE LLC,"CP Energy, LLC",CP - MERTEN SOUTH,CP - MERTEN SOUTH,195.25,VLO,Arnett,88,Ticket,Non-priority destination
8117619,3/13/2026 14:30,WELLS013,WELLS 1-3,FOSSIL CREEK ENERGY CORPORATION,"CP Energy, LLC",CP - HOOKER,HOOKER,0,CP,Cp - Sunray-Mckee,51,Agreement,Non-priority destination
8117618,3/13/2026 10:58,HAMPT219,HAMPTON 2-19,BCE-MACH LLC,"CP Energy, LLC",CP - HOOKER,HOOKER,182.98,VLO,Clawson,,MISSING — needs history lookup,Non-priority destination
8112720,3/12/2026 8:07,SNEE0001,SNEED PLANT,HRR II ACQUISITIONCO LLC,"CP Energy, LLC",CP - CLAWSON 1,CLAWSON 1,190.73,SPLIT,Cp - Sunray-Mckee,,MISSING — needs history lookup,Non-priority destination
8112660,3/13/2026 12:31,SLIN0001,SLINGING UNIT 1H,SILVER CREEK OIL & GAS LLC,"CP Energy, LLC",DIXIE STATION,DIXIEST DIXIE STATION,190.99,CP,Cp - Wasson Station,4,Ticket,Non-priority destination
8114838,3/13/2026 9:57,ENTE0005,ENTERPRISE,"BRANCH ENERGY PARTNERS, LLC","CP Energy, LLC",CP - WASSON STATION,WASSON STATION,155.38,CP,Cp - Madill,,MISSING — needs history lookup,Non-priority destination
8114839,3/13/2026 9:59,ENTE0005,ENTERPRISE,"BRANCH ENERGY PARTNERS, LLC","CP Energy, LLC",CP - WASSON STATION,WASSON STATION,33.56,CP,Cp - Madill,,MISSING — needs history lookup,Non-priority destination
8114840,3/13/2026 14:22,RORA117H,ROSE RANCH 1-17H16X21X28,XTO ENERGY INC,"CP Energy, LLC",CP - MADILL,CP - MADILL,186.42,CP,Cp - Wasson Station,,MISSING — needs history lookup,Non-priority destination
8112082,3/13/2026 8:13,SWIN0002,SWINK UNIT 2H,SILVER CREEK OIL & GAS LLC,"CP Energy, LLC",CP - MADILL,CP - MADILL,189.89,CP,Dixie,33,Ticket,Non-priority destination
8114824,3/13/2026 14:37,HUTC0001,HUTCHCON,PANTERA ENERGY COMPANY,"CP Energy, LLC",CP - CLAWSON 2,CLAWSON 2,193.85,CP,Merten,,MISSING — needs history lookup,Non-priority destination
8117612,3/13/2026 10:14,141024,MORRISON 179 #3HC,MEWBOURNE OIL COMPANY,"CP Energy, LLC",CP - PERRYTON 2,PERRYTON 2,177.87,VLO,Merten,,MISSING — needs history lookup,Non-priority destination
8116555,3/13/2026 14:04,HEMP0003,HEMPHILL PLANT (SUPERIOR),SUPERIOR PIPELINE,"CP Energy, LLC",CP - PERRYTON 4,PERRYTON 4,199.81,CP,Piper,,MISSING — needs history lookup,Non-priority destination
8114609,3/12/2026 7:47,MORR0003,MORRISON 178 #C002NC,MEWBOURNE OIL COMPANY,"CP Energy, LLC",CP - PERRYTON 4,PERRYTON 4,194.79,VLO,Merten,,MISSING — needs history lookup,Non-priority destination
8113337,3/13/2026 11:45,SNEE0001,SNEED PLANT,HRR II ACQUISITIONCO LLC,"CP Energy, LLC",CP - CLAWSON 3,CLAWSON 3,189.72,SPLIT,Cp - Sunray-Mckee,,MISSING — needs history lookup,Non-priority destination
8107050,3/3/2026 15:01,SNEE0001,SNEED PLANT,HRR II ACQUISITIONCO LLC,"CP Energy, LLC",CP - CLAWSON 1,CLAWSON 1,188.93,SPLIT,Cp - Sunray-Mckee,,MISSING — needs history lookup,Non-priority destination
8105148,3/2/2026 8:20,SNEE0001,SNEED PLANT,HRR II ACQUISITIONCO LLC,"CP Energy, LLC",CP - CLAWSON 1,CLAWSON 1,188.55,SPLIT,Cp - Sunray-Mckee,,MISSING — needs history lookup,Non-priority destination
8115303,3/12/2026 12:51,GOOD1229,GOOD #1229,NATURAL GAS ANADARKO,"CP Energy, LLC",CP - PERRYTON 1,PERRYTON 1,73.74,VLO,Clawson,,MISSING — needs history lookup,Non-priority destination
8113209,3/12/2026 6:14,509877,HODGES 42 #1H,MEWBOURNE OIL COMPANY,"CP Energy, LLC",CP - PERRYTON 2,PERRYTON 2,184.52,VLO,Merten,,MISSING — needs history lookup,Non-priority destination
8112037,3/11/2026 10:24,SNEE0001,SNEED PLANT,HRR II ACQUISITIONCO LLC,"CP Energy, LLC",CP - CLAWSON 1,CLAWSON 1,190.31,SPLIT,Cp - Sunray-Mckee,,MISSING — needs history lookup,Non-priority destination
8112820,3/12/2026 6:09,COOK0006,COOK 3 - 6H31,XTO ENERGY INC,"CP Energy, LLC",CP - WASSON STATION,WASSON STATION,192.1,CP,Cp - Highway 177 Station,25,Ticket,Non-priority destination
8112529,3/11/2026 12:14,MIDC0001,MID CON MEDICINE LODGE,MID CON GAS CORP (PETROLEUM GAS,"CP Energy, LLC",CHEROKEE LACT 306,CHERO306 CHEROKEE LACT 306,196.93,SPLIT,Ruby,58,Split Priority 2,Went to scheduled split destination (Priority 2)
8115683,3/12/2026 16:41,GRAY0005,GRAYCON,PANTERA ENERGY COMPANY,"CP Energy, LLC",CP - PIPER 4,CP - PIPER 4,171.21,CP,Merten,,MISSING — needs history lookup,Non-priority destination
8115684,3/12/2026 16:43,GRAY0005,GRAYCON,PANTERA ENERGY COMPANY,"CP Energy, LLC",CP - PIPER 4,CP - PIPER 4,21.9,CP,Merten,,MISSING — needs history lookup,Non-priority destination
8113084,3/12/2026 9:19,BRIT0165,BRITT RANCH UNIT 4518H,PRESIDIO FINANCE LLC,"CP Energy, LLC",OILWELL STORAGE TANKS,OILWELL OILWELL STORAGE TANKS,189.52,CP,Merten,56,Ticket,Non-priority destination
8114022,3/12/2026 11:41,RENFRO1,RENFRO UNIT 1H,SILVER CREEK OIL & GAS LLC,"CP Energy, LLC",CP - MADILL,CP - MADILL,185.35,CP,Dixie,,MISSING — needs history lookup,Non-priority destination
8113720,3/11/2026 13:39,GINT0001,GINTER SWD,OVERFLOW ENERGY (SWD),"CP Energy, LLC",CP - SUNRAY-MCKEE,SUNRAY-MCKEE,182.79,CP,Piper,,MISSING — needs history lookup,Non-priority destination
8111584,3/11/2026 6:59,SNEE0001,SNEED PLANT,HRR II ACQUISITIONCO LLC,"CP Energy, LLC",CP - CLAWSON 2,CLAWSON 2,190.31,SPLIT,Cp - Sunray-Mckee,,MISSING — needs history lookup,Non-priority destination
8111272,3/11/2026 8:02,JCH40001,JCH 4,"SEC PRODUCTION, INC.","CP Energy, LLC",CP - CLAWSON 3,CLAWSON 3,182.68,CP,Cp - Sunray-Mckee,,MISSING — needs history lookup,Non-priority destination
8113468,3/11/2026 19:21,SHER0013,SHERMAN PLANT,"BRANCH ENERGY PARTNERS, LLC","CP Energy, LLC",CP - WASSON STATION,WASSON STATION,189.12,CP,Cp - Madill,86,Ticket,Non-priority destination
8115680,3/11/2026 17:58,DUMA0001,DUMAS SWD,PAMPA WATER DISPOSAL,"CP Energy, LLC",CP - PIPER 4,CP - PIPER 4,191.09,CP,Cp - Sunray-Mckee,,MISSING — needs history lookup,Non-priority destination
8115134,3/11/2026 16:42,RUBY0005,RUBY,"DEVON GAS SERVICES, LP","CP Energy, LLC",SOUTHWEST RUBY STATION,SWRUBY SOUTHWEST RUBY STATION,192.37,CP,Trojan,70,Ticket,Non-priority destination
8114697,3/11/2026 12:20,HEMP0003,HEMPHILL PLANT (SUPERIOR),SUPERIOR PIPELINE,"CP Energy, LLC",CP - PERRYTON 1,PERRYTON 1,200.35,CP,Piper,,MISSING — needs history lookup,Non-priority destination
8112528,3/11/2026 8:32,MIDC0001,MID CON MEDICINE LODGE,MID CON GAS CORP (PETROLEUM GAS,"CP Energy, LLC",CHEROKEE LACT 306,CHERO306 CHEROKEE LACT 306,198.1,SPLIT,Ruby,58,Split Priority 2,Went to scheduled split destination (Priority 2)
8114019,3/11/2026 15:36,JOMA0RE5,JOHN MARSHALL 5RE,SILVER CREEK OIL & GAS LLC,"CP Energy, LLC",CP - MADILL,CP - MADILL,179.21,CP,Dixie,,MISSING — needs history lookup,Non-priority destination
8113541,3/11/2026 8:43,HIPK0001,HIPKE REAST,FELDERHOFF PRODUCTION COMPANY (1),"CP Energy, LLC",CP - MADILL,CP - MADILL,170.61,CP,Dixie,,MISSING — needs history lookup,Non-priority destination
8110052,3/11/2026 5:34,RORA117H,ROSE RANCH 1-17H16X21X28,XTO ENERGY INC,"CP Energy, LLC",CP - HIGHWAY 177 STATION,CP - HIGHWAY 177 STATION,186.81,CP,Cp - Wasson Station,39,Ticket,Non-priority destination
8111998,3/11/2026 9:52,KARE125HDN,KAREN #1-25HD-N,PRESIDIO FINANCE LLC,"CP Energy, LLC",CP - MERTEN NORTH,CP - MERTEN NORTH,194.66,VLO,Arnett,86,Ticket,Non-priority destination
8112796,3/9/2026 5:27,NAMO003H,NANNYMO #3H,"COURSON OIL & GAS, INC","CP Energy, LLC",CP - PERRYTON 4,PERRYTON 4,193.96,VLO,Merten,,MISSING — needs history lookup,Non-priority destination
8111315,3/10/2026 9:28,SNEE0001,SNEED PLANT,HRR II ACQUISITIONCO LLC,"CP Energy, LLC",CP - CLAWSON 2,CLAWSON 2,189.92,SPLIT,Cp - Sunray-Mckee,,MISSING — needs history lookup,Non-priority destination
8113787,3/10/2026 7:59,3337,MCQUIDDY 3-2H,BE ANADARKO II LLC,"CP Energy, LLC",CP - PIPER 2,CP - PIPER 2,180.47,VLO,Arnett,,MISSING — needs history lookup,Non-priority destination
8110971,3/10/2026 7:02,SNEE0001,SNEED PLANT,HRR II ACQUISITIONCO LLC,"CP Energy, LLC",CP - CLAWSON 3,CLAWSON 3,190.37,SPLIT,Cp - Sunray-Mckee,,MISSING — needs history lookup,Non-priority destination
8111411,3/10/2026 6:59,JOMA0RE5,JOHN MARSHALL 5RE,SILVER CREEK OIL & GAS LLC,"CP Energy, LLC",CP - MADILL,CP - MADILL,186.34,CP,Dixie,34,Ticket,Non-priority destination
8112479,3/10/2026 6:57,MORR0009,MORRISON 213 #C001DM,MEWBOURNE OIL COMPANY,"CP Energy, LLC",CP - PERRYTON 4,PERRYTON 4,183.94,VLO,Merten,,MISSING — needs history lookup,Non-priority destination
8110619,3/10/2026 15:29,CALV122H,CALVERT 1-22H,PRESIDIO FINANCE LLC,"CP Energy, LLC",CP - MERTEN NORTH,CP - MERTEN NORTH,167.71,VLO,Arnett,79.7,Ticket,Non-priority destination
8110874,3/9/2026 14:35,SNEE0001,SNEED PLANT,HRR II ACQUISITIONCO LLC,"CP Energy, LLC",CP - CLAWSON 1,CLAWSON 1,188.38,SPLIT,Cp - Sunray-Mckee,,MISSING — needs history lookup,Non-priority destination
8110440,3/9/2026 11:59,SNEE0001,SNEED PLANT,HRR II ACQUISITIONCO LLC,"CP Energy, LLC",CP - CLAWSON 1,CLAWSON 1,189.32,SPLIT,Cp - Sunray-Mckee,,MISSING — needs history lookup,Non-priority destination
8113087,3/10/2026 13:37,RIOR0001,RIO RICKS 201,B & G PRODUCTION INC,"CP Energy, LLC",CP - PIPER 4,CP - PIPER 4,189.3,CP,Perryton,,MISSING — needs history lookup,Non-priority destination
8107084,3/10/2026 7:21,BRIT0147,BRITT RANCH UNIT 4413H,PRESIDIO FINANCE LLC,"CP Energy, LLC",TAYLOR STORAGE TANK,TAYLOR STORAGE TANK,188.75,CP,Merten,90,Ticket,Non-priority destination
8107143,3/10/2026 14:09,BRIT0167,BRITT RANCH UNIT 4521H,PRESIDIO FINANCE LLC,"CP Energy, LLC",OILWELL STORAGE TANKS,OILWELL OILWELL STORAGE TANKS,188.63,CP,Merten,,MISSING — needs history lookup,Non-priority destination
8112166,3/10/2026 15:23,1220877,SHELTON 7-29,DIVERSIFIED GAS & OIL CORPORATION,"CP Energy, LLC",CP TROJAN 2 - NGL,TROJAN2 CP TROJAN 2 - NGL,102.29,VLO,Arnett,,MISSING — needs history lookup,Non-priority destination
8112182,3/10/2026 5:47,513192,ZOLLINGER 10 #1HCK,MEWBOURNE OIL COMPANY,"CP Energy, LLC",ARNETT LANES 1-4,ARNE0104 ARNETT LANES 1-4,180.86,VLO,Piper,,MISSING — needs history lookup,Non-priority destination
8112665,3/10/2026 15:34,140297,CLO 1-24H,"ENCINO OPERATING, LLC","CP Energy, LLC",CP - PERRYTON 4,PERRYTON 4,193.94,CP,Cp - Hooker,,MISSING — needs history lookup,Non-priority destination
8115117,3/10/2026 12:35,PETT0019,PETTIJOHN COMPRESSOR STATION,XTO ENERGY INC,"CP Energy, LLC",CP - WASSON STATION,WASSON STATION,189.41,CP,Cp - Madill,42.4,Ticket,Non-priority destination
8110814,3/9/2026 1:01,BULL301H,BULLSEYE 20-14-30 1H,STAGHORN PETROLEUM LLC,"CP Energy, LLC",TROJAN STATION,TROJSTAT TROJAN STATION,85.88,CP,Ruby,,MISSING — needs history lookup,Non-priority destination
8110794,3/9/2026 0:36,BULL301H,BULLSEYE 20-14-30 1H,STAGHORN PETROLEUM LLC,"CP Energy, LLC",TROJAN STATION,TROJSTAT TROJAN STATION,99.03,CP,Ruby,,MISSING — needs history lookup,Non-priority destination
8114773,3/9/2026 7:02,MEND3612,MENDOTA RANCH 36-12H,BRACKEN OPERATING LLC,"CP Energy, LLC",CP - PIPER 4,CP - PIPER 4,191.92,CP,Merten,,MISSING — needs history lookup,Non-priority destination
8113332,3/9/2026 21:42,LIBE0002,LIBERAL RBO,PHILLIPS 66,"CP Energy, LLC",CP - HOOKER,HOOKER,199.35,SPLIT,Perryton,41,Split Priority 2,Went to scheduled split destination (Priority 2)
8110793,3/8/2026 16:36,RUBY0005,RUBY,"DEVON GAS SERVICES, LP","CP Energy, LLC",SOUTHWEST RUBY STATION,SWRUBY SOUTHWEST RUBY STATION,70.64,CP,Trojan,71,Ticket,Non-priority destination
8114247,3/8/2026 8:32,VOLL315H,VOLLMERT TRUST 31 5H,BRACKEN OPERATING LLC,"CP Energy, LLC",CP - PIPER 4,CP - PIPER 4,192.26,CP,Merten,,MISSING — needs history lookup,Non-priority destination
8113242,3/8/2026 17:21,LIBE0002,LIBERAL RBO,PHILLIPS 66,"CP Energy, LLC",CP - HOOKER,HOOKER,200.4,SPLIT,Perryton,41,Split Priority 2,Went to scheduled split destination (Priority 2)
8109613,3/8/2026 17:35,513192,ZOLLINGER 10 #1HCK,MEWBOURNE OIL COMPANY,"CP Energy, LLC",ARNETT LANES 1-4,ARNE0104 ARNETT LANES 1-4,187.35,VLO,Piper,,MISSING — needs history lookup,Non-priority destination
8113296,3/8/2026 9:58,MESA0008,MESA VISTA 2 - 4H,HOMINY CONSULTING LLC,"CP Energy, LLC",CP - PERRYTON 1,PERRYTON 1,194.73,CP,Merten,,MISSING — needs history lookup,Non-priority destination
8112617,3/8/2026 6:38,SWIN0001,SWINK B 1HC,MEWBOURNE OIL COMPANY,"CP Energy, LLC",CP - PERRYTON 2,PERRYTON 2,184.59,VLO,Clawson,,MISSING — needs history lookup,Non-priority destination
8110199,3/8/2026 16:33,RUBY0005,RUBY,"DEVON GAS SERVICES, LP","CP Energy, LLC",SOUTHWEST RUBY STATION,SWRUBY SOUTHWEST RUBY STATION,128.06,CP,Trojan,71,Ticket,Non-priority destination
8112495,3/8/2026 11:59,WALK0016,WALKER 2 - 5H6R,XTO ENERGY INC,"CP Energy, LLC",CP - HIGHWAY 177 STATION,CP - HIGHWAY 177 STATION,0,CP,Cp - Wasson Station,-153329.9,Ticket,Non-priority destination
8111590,3/8/2026 4:48,RUBY0005,RUBY,"DEVON GAS SERVICES, LP","CP Energy, LLC",SOUTHWEST RUBY STATION,SWRUBY SOUTHWEST RUBY STATION,200.7,CP,Trojan,70,Ticket,Non-priority destination
8113013,3/7/2026 7:39,LIBE0002,LIBERAL RBO,PHILLIPS 66,"CP Energy, LLC",CP - HOOKER,HOOKER,199.16,SPLIT,Perryton,41,Split Priority 2,Went to scheduled split destination (Priority 2)
8111488,3/7/2026 8:53,LIBE0002,LIBERAL RBO,PHILLIPS 66,"CP Energy, LLC",CP - HOOKER,HOOKER,199.29,SPLIT,Perryton,41,Split Priority 2,Went to scheduled split destination (Priority 2)
8112685,3/7/2026 20:35,LIBE0002,LIBERAL RBO,PHILLIPS 66,"CP Energy, LLC",CP - HOOKER,HOOKER,199.25,SPLIT,Perryton,41,Split Priority 2,Went to scheduled split destination (Priority 2)
8112612,3/7/2026 7:44,140161,WEINETTE A 1035 #1HM,"COURSON OIL & GAS, INC","CP Energy, LLC",CP - PERRYTON 2,PERRYTON 2,195.49,VLO,Piper,,MISSING — needs history lookup,Non-priority destination
8112128,3/6/2026 11:10,SNEE0001,SNEED PLANT,HRR II ACQUISITIONCO LLC,"CP Energy, LLC",CP - CLAWSON 2,CLAWSON 2,199.45,SPLIT,Cp - Sunray-Mckee,,MISSING — needs history lookup,Non-priority destination
8109182,3/7/2026 5:55,SPEAR001,SPEARMAN (ETC),SUNOCO - ETC,"CP Energy, LLC",CP - CLAWSON 3,CLAWSON 3,190.4,CP,Perryton,,MISSING — needs history lookup,Non-priority destination
8111845,3/7/2026 16:01,DDPA0001,DD PAYNE CCSL # 3H,HOMINY CONSULTING LLC,"CP Energy, LLC",CP - PERRYTON 4,PERRYTON 4,178.33,CP,Merten,,MISSING — needs history lookup,Non-priority destination
8111462,3/7/2026 12:45,TWOM0224,TWOMBLY 2-24 (SMU),WEINKAUF PETROLEUM INC,"CP Energy, LLC",CP - HOOKER,HOOKER,196.51,CP,Cp - Sunray-Mckee,,MISSING — needs history lookup,Non-priority destination
8113642,3/7/2026 14:12,AHCH0001,"AH CHILTON 1,8,9,10,11,12",O'NEAL OIL &  GAS CO,"CP Energy, LLC",CP - WASSON STATION,WASSON STATION,168.92,CP,Cp - Velma,27,Ticket,Non-priority destination
8110956,3/6/2026 19:28,HAGO0003,HAGOOD 1 - 22H /2 - 22H CTB,XTO ENERGY INC,"CP Energy, LLC",CP - WASSON STATION,WASSON STATION,189.04,CP,Cp - Highway 177 Station,29,Ticket,Non-priority destination
8112285,3/6/2026 7:50,HEMP0003,HEMPHILL PLANT (SUPERIOR),SUPERIOR PIPELINE,"CP Energy, LLC",CP - PERRYTON 1,PERRYTON 1,201.31,CP,Piper,,MISSING — needs history lookup,Non-priority destination
8112445,3/6/2026 9:35,HEMP0003,HEMPHILL PLANT (SUPERIOR),SUPERIOR PIPELINE,"CP Energy, LLC",CP - PERRYTON 4,PERRYTON 4,nan,CP,Piper,,MISSING — needs history lookup,Non-priority destination
8109778,3/6/2026 8:01,509497,TRAMMELL #3H,"COURSON OIL & GAS, INC","CP Energy, LLC",CP - PERRYTON 4,PERRYTON 4,180.67,VLO,Merten,,MISSING — needs history lookup,Non-priority destination
8108996,3/6/2026 15:37,WILS0047,WILSON 5,BCE-MACH II LLC,"CP Energy, LLC",CP - CLAWSON 2,CLAWSON 2,180.86,VLO,Cp - Hooker,,MISSING — needs history lookup,Non-priority destination
8111943,3/6/2026 6:59,LIBE0002,LIBERAL RBO,PHILLIPS 66,"CP Energy, LLC",CP - HOOKER,HOOKER,199.59,SPLIT,Perryton,41,Split Priority 2,Went to scheduled split destination (Priority 2)
8110724,3/6/2026 12:05,HAGO0003,HAGOOD 1 - 22H /2 - 22H CTB,XTO ENERGY INC,"CP Energy, LLC",CP - WASSON STATION,WASSON STATION,188.39,CP,Cp - Highway 177 Station,33,Ticket,Non-priority destination
8104721,3/6/2026 12:39,KARE125HDN,KAREN #1-25HD-N,PRESIDIO FINANCE LLC,"CP Energy, LLC",CP - MERTEN SOUTH,CP - MERTEN SOUTH,0,VLO,Arnett,,MISSING — needs history lookup,Non-priority destination
8110177,3/6/2026 0:52,RUBY0005,RUBY,"DEVON GAS SERVICES, LP","CP Energy, LLC",SOUTHWEST RUBY STATION,SWRUBY SOUTHWEST RUBY STATION,198.23,CP,Trojan,71,Ticket,Non-priority destination
8112663,3/5/2026 17:59,BART0009,BARTH 14 - 1,B & G PRODUCTION INC,"CP Energy, LLC",ARNETT LANES 1-4,ARNE0104 ARNETT LANES 1-4,182.96,CP,Piper,,MISSING — needs history lookup,Non-priority destination
8110240,3/6/2026 6:56,HUTC0001,HUTCHCON,PANTERA ENERGY COMPANY,"CP Energy, LLC",CP - SUNRAY-MCKEE,SUNRAY-MCKEE,195.11,CP,Merten,,MISSING — needs history lookup,Non-priority destination
8104345,3/6/2026 8:34,BLAS094H,BLASDEL 9-4H,PRESIDIO FINANCE LLC,"CP Energy, LLC",OILWELL STORAGE TANKS,OILWELL OILWELL STORAGE TANKS,190.4,CP,Merten,,MISSING — needs history lookup,Non-priority destination
8110164,3/5/2026 21:10,RUBY0005,RUBY,"DEVON GAS SERVICES, LP","CP Energy, LLC",SOUTHWEST RUBY STATION,SWRUBY SOUTHWEST RUBY STATION,198.27,CP,Trojan,70,Ticket,Non-priority destination
8111960,3/5/2026 9:05,140421,MORRISON 38 #1H,MEWBOURNE OIL COMPANY,"CP Energy, LLC",CP - PERRYTON 4,PERRYTON 4,174.72,VLO,Merten,,MISSING — needs history lookup,Non-priority destination
8111959,3/5/2026 7:11,140421,MORRISON 38 #1H,MEWBOURNE OIL COMPANY,"CP Energy, LLC",CP - PERRYTON 1,PERRYTON 1,184.28,VLO,Merten,,MISSING — needs history lookup,Non-priority destination
8110163,3/5/2026 17:21,RUBY0005,RUBY,"DEVON GAS SERVICES, LP","CP Energy, LLC",SOUTHWEST RUBY STATION,SWRUBY SOUTHWEST RUBY STATION,198.86,CP,Trojan,70,Ticket,Non-priority destination
8111834,3/5/2026 11:23,HEMP0003,HEMPHILL PLANT (SUPERIOR),SUPERIOR PIPELINE,"CP Energy, LLC",CP - PERRYTON 4,PERRYTON 4,202.1,CP,Piper,,MISSING — needs history lookup,Non-priority destination
8111762,3/5/2026 10:09,140746,"STEWART A 1 #8, A 2 #8",WEINKAUF PETROLEUM INC,"CP Energy, LLC",CP - SUNRAY-MCKEE,SUNRAY-MCKEE,187.35,VLO,Clawson,,MISSING — needs history lookup,Non-priority destination
8112487,3/5/2026 16:33,LONG0003,LONG SWD #1,PAMPA WATER DISPOSAL,"CP Energy, LLC",CP - PIPER 4,CP - PIPER 4,192.81,CP,Merten,,MISSING — needs history lookup,Non-priority destination
8112125,3/5/2026 12:43,513607,WITT #104H,HIGH RIVER REV OPERATING,"CP Energy, LLC",CP - PERRYTON 2,PERRYTON 2,190.11,VLO,Clawson,,MISSING — needs history lookup,Non-priority destination
8109268,3/5/2026 10:45,BEAR0014,BEARD/ MORGAN / PARKER-HEFNER,"HOGBACK EXPLORATION, INC.","CP Energy, LLC",CP - VELMA,VELMA,160.94,CP,Lindsay Station,8,Ticket,Non-priority destination
8111997,3/5/2026 13:18,LONG0003,LONG SWD #1,PAMPA WATER DISPOSAL,"CP Energy, LLC",CP - PIPER 4,CP - PIPER 4,192.03,CP,Merten,,MISSING — needs history lookup,Non-priority destination
8107814,3/5/2026 13:56,MCBR0007,MCBRIDE,HRR II ACQUISITIONCO LLC,"CP Energy, LLC",CP - CLAWSON 3,CLAWSON 3,177.02,CP,Merten,,MISSING — needs history lookup,Non-priority destination
8107588,3/4/2026 18:09,SNEE0001,SNEED PLANT,HRR II ACQUISITIONCO LLC,"CP Energy, LLC",CP - CLAWSON 3,CLAWSON 3,189.06,SPLIT,Cp - Sunray-Mckee,,MISSING — needs history lookup,Non-priority destination
8109999,3/4/2026 10:55,HAGO0003,HAGOOD 1 - 22H /2 - 22H CTB,XTO ENERGY INC,"CP Energy, LLC",CP - MADILL,CP - MADILL,192.52,CP,Cp - Highway 177 Station,11,Ticket,Non-priority destination
8109096,3/4/2026 10:38,LIBE0002,LIBERAL RBO,PHILLIPS 66,"CP Energy, LLC",CP - HOOKER,HOOKER,199.43,SPLIT,Perryton,41,Split Priority 2,Went to scheduled split destination (Priority 2)
8109998,3/4/2026 9:05,CHAN2858,"CHANDLER 2, 3, 4 & 5-8H",XTO ENERGY INC,"CP Energy, LLC",CP - MADILL,CP - MADILL,190.62,CP,Cp - Highway 177 Station,14,Ticket,Non-priority destination
8111221,3/4/2026 8:03,HEMP0003,HEMPHILL PLANT (SUPERIOR),SUPERIOR PIPELINE,"CP Energy, LLC",CP - PERRYTON 4,PERRYTON 4,196.87,CP,Piper,,MISSING — needs history lookup,Non-priority destination
8106106,3/4/2026 12:05,COCR0124,COLUMBIA CREST #1-24,CHARTER OAK PRODUCTION CO LLC,"CP Energy, LLC",CP - WASSON STATION,WASSON STATION,141.49,CP,Lindsay Station,11,Ticket,Non-priority destination
8111913,3/4/2026 14:24,GRAY0005,GRAYCON,PANTERA ENERGY COMPANY,"CP Energy, LLC",CP - PIPER 4,CP - PIPER 4,182.07,CP,Merten,,MISSING — needs history lookup,Non-priority destination
8111914,3/4/2026 14:26,GRAY0005,GRAYCON,PANTERA ENERGY COMPANY,"CP Energy, LLC",CP - PIPER 4,CP - PIPER 4,11.34,CP,Merten,,MISSING — needs history lookup,Non-priority destination
8107587,3/4/2026 14:09,HUTC0001,HUTCHCON,PANTERA ENERGY COMPANY,"CP Energy, LLC",CP - SUNRAY-MCKEE,SUNRAY-MCKEE,194.82,CP,Merten,,MISSING — needs history lookup,Non-priority destination
8108527,3/4/2026 7:40,CART0026,CARTHAGE I UNIT (RESOURCE),RESOURCE OIL AND GAS LLC,"CP Energy, LLC",CP - CLAWSON 3,CLAWSON 3,189.9,CP,Cp - Hooker,,MISSING — needs history lookup,Non-priority destination
8107661,3/4/2026 9:38,BLDE0001,BLUE DEER BATTERY,HRR II ACQUISITIONCO LLC,"CP Energy, LLC",CP - CHILDRESS,CHILDRESS,191.41,CP,Merten,135,Ticket,Non-priority destination
8107051,3/4/2026 7:27,SNEE0001,SNEED PLANT,HRR II ACQUISITIONCO LLC,"CP Energy, LLC",CP - CLAWSON 3,CLAWSON 3,191.03,SPLIT,Cp - Sunray-Mckee,,MISSING — needs history lookup,Non-priority destination
8105222,2/28/2026 21:55,MOBL121H,MOBLEY 1-21H28X33,XTO ENERGY INC,"CP Energy, LLC",CP - WASSON STATION,WASSON STATION,175.46,CP,Cp - Highway 177 Station,22,Ticket,Non-priority destination
8109323,3/3/2026 9:28,3286,KRITSER 5-2H,BE ANADARKO II LLC,"CP Energy, LLC",CP - PIPER 4,CP - PIPER 4,194.32,VLO,Arnett,,MISSING — needs history lookup,Non-priority destination
8111445,3/3/2026 10:08,HEMP0003,HEMPHILL PLANT (SUPERIOR),SUPERIOR PIPELINE,"CP Energy, LLC",CP - PERRYTON 4,PERRYTON 4,201.48,CP,Piper,,MISSING — needs history lookup,Non-priority destination
8108849,3/2/2026 19:49,PETT0019,PETTIJOHN COMPRESSOR STATION,XTO ENERGY INC,"CP Energy, LLC",CP - WASSON STATION,WASSON STATION,190.25,CP,Cp - Madill,42.4,Ticket,Non-priority destination
8107746,3/3/2026 13:54,HAWK0126,HAWKINS HS 1-26,BCE-MACH LLC,"CP Energy, LLC",CP - CLAWSON 1,CLAWSON 1,137.02,VLO,Cp - Sunray-Mckee,,MISSING — needs history lookup,Non-priority destination
8107745,3/3/2026 11:09,DENCK327,"DENCKER, GUSTAVE 3-27",BCE-MACH LLC,"CP Energy, LLC",CP - CLAWSON 3,CLAWSON 3,182.38,VLO,Cp - Sunray-Mckee,,MISSING — needs history lookup,Non-priority destination
8107744,3/3/2026 7:18,CART0026,CARTHAGE I UNIT (RESOURCE),RESOURCE OIL AND GAS LLC,"CP Energy, LLC",CP - CLAWSON 3,CLAWSON 3,194.03,CP,Cp - Hooker,,MISSING — needs history lookup,Non-priority destination
8110764,3/3/2026 14:52,PEER0007,PEERY B 6 822H,BE ANADARKO II LLC,"CP Energy, LLC",CP - MERTEN SOUTH,CP - MERTEN SOUTH,nan,VLO,Perryton,,MISSING — needs history lookup,Non-priority destination
8111909,3/3/2026 13:51,DUMA0001,DUMAS SWD,PAMPA WATER DISPOSAL,"CP Energy, LLC",CP - PIPER 4,CP - PIPER 4,193.27,CP,Cp - Sunray-Mckee,,MISSING — needs history lookup,Non-priority destination
8111175,3/3/2026 11:33,21MI0001,21 MILE,OVERFLOW ENERGY (SWD),"CP Energy, LLC",CP - SUNRAY-MCKEE,SUNRAY-MCKEE,188.74,CP,Perryton,,MISSING — needs history lookup,Non-priority destination
8108526,3/3/2026 12:00,CHAN2858,"CHANDLER 2, 3, 4 & 5-8H",XTO ENERGY INC,"CP Energy, LLC",CP - MADILL,CP - MADILL,192.78,CP,Cp - Highway 177 Station,14,Ticket,Non-priority destination
8107049,3/3/2026 12:39,SNEE0001,SNEED PLANT,HRR II ACQUISITIONCO LLC,"CP Energy, LLC",CP - CLAWSON 3,CLAWSON 3,189.51,SPLIT,Cp - Sunray-Mckee,,MISSING — needs history lookup,Non-priority destination
8107048,3/3/2026 9:51,SNEE0001,SNEED PLANT,HRR II ACQUISITIONCO LLC,"CP Energy, LLC",CP - CLAWSON 3,CLAWSON 3,189.92,SPLIT,Cp - Sunray-Mckee,,MISSING — needs history lookup,Non-priority destination
8108742,3/2/2026 2:10,RUBY0005,RUBY,"DEVON GAS SERVICES, LP","CP Energy, LLC",SOUTHWEST RUBY STATION,SWRUBY SOUTHWEST RUBY STATION,76.58,CP,Trojan,70,Ticket,Non-priority destination
8108615,3/2/2026 1:59,RUBY0005,RUBY,"DEVON GAS SERVICES, LP","CP Energy, LLC",SOUTHWEST RUBY STATION,SWRUBY SOUTHWEST RUBY STATION,123.89,CP,Trojan,70,Ticket,Non-priority destination
8109150,3/2/2026 6:42,RUBY0005,RUBY,"DEVON GAS SERVICES, LP","CP Energy, LLC",SOUTHWEST RUBY STATION,SWRUBY SOUTHWEST RUBY STATION,99.86,CP,Trojan,93,Ticket,Non-priority destination
8109149,3/2/2026 6:37,RUBY0005,RUBY,"DEVON GAS SERVICES, LP","CP Energy, LLC",SOUTHWEST RUBY STATION,SWRUBY SOUTHWEST RUBY STATION,101.15,CP,Trojan,93,Ticket,Non-priority destination
8106519,3/2/2026 7:26,KEEN0008,KEENAN 2 #26,BCE-MACH II LLC,"CP Energy, LLC",CP - CLAWSON 1,CLAWSON 1,193.45,VLO,Cp - Hooker,,MISSING — needs history lookup,Non-priority destination
8106920,3/2/2026 11:11,HODG0011,HODGES 1 - 26,BRG PETROLEUM LLC,"CP Energy, LLC",CP - CLAWSON 3,CLAWSON 3,168.02,CP,Cp - Hooker,,MISSING — needs history lookup,Non-priority destination
8109234,3/2/2026 6:10,SHEL017H,SHELTON 1-7H,DIVERSIFIED GAS & OIL CORPORATION,"CP Energy, LLC",ARNETT LANES 1-4,ARNE0104 ARNETT LANES 1-4,59.92,CP,Trojan,79,Ticket,Non-priority destination
8108464,3/2/2026 17:34,MOBL121H,MOBLEY 1-21H28X33,XTO ENERGY INC,"CP Energy, LLC",CP - MADILL,CP - MADILL,189.16,CP,Cp - Highway 177 Station,44.3,Ticket,Non-priority destination
8109080,3/2/2026 14:08,CART282H,CARTER 28-11-18 2H,DIVERSIFIED GAS & OIL CORPORATION,"CP Energy, LLC",TROJAN STATION,TROJSTAT TROJAN STATION,121.23,CP,Arnett,,MISSING — needs history lookup,Non-priority destination
8105149,3/2/2026 11:21,SNEE0001,SNEED PLANT,HRR II ACQUISITIONCO LLC,"CP Energy, LLC",CP - CLAWSON 3,CLAWSON 3,190.75,SPLIT,Cp - Sunray-Mckee,,MISSING — needs history lookup,Non-priority destination
8106463,3/1/2026 7:56,HAMP0005,HAMPTON #5,"SEC PRODUCTION, INC.","CP Energy, LLC",CP - HOOKER,HOOKER,195.88,CP,Cp - Sunray-Mckee,,MISSING — needs history lookup,Non-priority destination
8108603,3/1/2026 13:03,BLDE0001,BLUE DEER BATTERY,HRR II ACQUISITIONCO LLC,"CP Energy, LLC",CP - PERRYTON 4,PERRYTON 4,194.26,CP,Merten,,MISSING — needs history lookup,Non-priority destination
8109242,3/1/2026 15:02,GLASS226HD,GLASS 2-26HD,PRESIDIO FINANCE LLC,"CP Energy, LLC",CP - MERTEN SOUTH,CP - MERTEN SOUTH,188.02,VLO,Arnett,,MISSING — needs history lookup,Non-priority destination
8108765,3/1/2026 13:32,REED291H,REEDER 29-11-18 1H,DIVERSIFIED GAS & OIL CORPORATION,"CP Energy, LLC",BRETCH STATION,BRETCH BRETCH STATION,70.06,CP,Arnett,,MISSING — needs history lookup,Non-priority destination
8107308,3/1/2026 13:03,SLIN0001,SLINGING UNIT 1H,SILVER CREEK OIL & GAS LLC,"CP Energy, LLC",DIXIE STATION,DIXIEST DIXIE STATION,171.06,CP,Cp - Wasson Station,,MISSING — needs history lookup,Non-priority destination
8105581,3/1/2026 9:20,RUBY0005,RUBY,"DEVON GAS SERVICES, LP","CP Energy, LLC",SOUTHWEST RUBY STATION,SWRUBY SOUTHWEST RUBY STATION,183.67,CP,Trojan,69.8,Ticket,Non-priority destination
8105011,3/1/2026 13:46,HERR0789,"HERRIOT 7,8,9-34H CTB",XTO ENERGY INC,"CP Energy, LLC",CP - WASSON STATION,WASSON STATION,0,CP,Cp - Highway 177 Station,,MISSING — needs history lookup,Non-priority destination
